filename,cat,chicken,cow,dog,fox,goat,horse,person,racoon,skunk
887_jpg.rf.dc027547a98e0c7b3a65a5624e379148.jpg,0,0,0,0,0,1,0,0,0,0
115_jpg.rf.3271554fb09f96c622d7115bcd2f38b6.jpg,0,0,0,0,0,0,0,0,0,1
280_jpg.rf.ed0e3c796c15920580007987c1c5285f.jpg,0,0,0,0,0,0,0,0,1,0
228_jpg.rf.f690cbdec12251d4c086741fa86bb579.jpg,0,0,0,0,0,0,0,0,1,0
715_jpg.rf.40151382766d20bbb0780b1ef14da1a2.jpg,0,1,0,0,0,0,0,0,0,0
406_jpg.rf.e66a0b1008e9158be868ddb6250fb7fd.jpg,0,0,0,0,0,0,1,0,0,0
825_jpg.rf.f3005b1c24402ec91ac16cd12aea862c.jpg,0,0,0,0,0,1,0,0,0,0
62_jpg.rf.e458b3e055dd46cbd3b464f5c6158825.jpg,0,0,0,0,1,0,0,0,0,0
15_jpg.rf.4a595dd8fe92015459bcdf71350ed391.jpg,0,0,0,0,1,0,0,0,0,0
662_jpg.rf.52dd569d92e2ccbfb69d37a04aedc93a.jpg,0,0,0,1,0,0,0,0,0,0
967_jpg.rf.e88339ea5d63b090ba36aa16c8bd6cfe.jpg,0,0,0,1,0,0,0,1,0,0
308_jpg.rf.5e9f6aa76f161d1d7ac6bf5340270a20.jpg,0,0,1,0,0,0,0,0,0,0
868_jpg.rf.4931be9940ce03d9bb4c73c3b230c176.jpg,0,0,0,0,0,1,0,0,0,0
325_jpg.rf.b0d2b2d8c1465cff04b28f1df5a51222.jpg,0,0,1,0,0,0,0,0,0,0
214_jpg.rf.1a53dd5485d6461416061d673d351924.jpg,0,0,0,0,0,0,0,0,1,0
959_jpg.rf.eed36db402b3511160e03f1a18d76f3e.jpg,0,0,0,1,0,0,0,1,0,0
158_jpg.rf.c8e9f6d2ca54cb9aad4a94567907b84c.jpg,0,0,0,0,0,0,0,0,0,1
947_jpg.rf.ab6aca9329ee89af8a2ac09b2456468e.jpg,0,0,0,0,0,0,0,1,0,0
423_jpg.rf.cffdea826a45d49fb02e0eb92e93aa71.jpg,0,0,0,0,0,0,1,0,0,0
432_jpg.rf.26b77c3bf1a63c50d7f299da4d5c2d22.jpg,0,0,0,0,0,0,1,0,0,0
515_jpg.rf.d35ec035820a9dbfdacd1b2d3bad3df3.jpg,1,0,0,0,0,0,0,0,0,0
477_jpg.rf.2be9bf322030ef5b01378fa7943e9380.jpg,0,0,0,0,0,0,1,0,0,0
848_jpg.rf.8b4a03cec712bdfcf1c5bd7aefd38dab.jpg,0,0,0,0,0,1,0,0,0,0
957_jpg.rf.aa9154dcffde75ede366a504c5a3ec19.jpg,0,0,0,1,0,0,0,1,0,0
123_jpg.rf.6cdd83f955ad7aab597dba19226c745b.jpg,0,0,0,0,0,0,0,0,0,1
159_jpg.rf.c632acfb5b04183d30ddf25e7117963d.jpg,0,0,0,0,0,0,0,0,0,1
818_jpg.rf.376006b13dacd72a371422c3b8168fd8.jpg,0,0,0,0,0,1,0,0,0,0
747_jpg.rf.3d1ec346959f7bba932672d001a1b2f3.jpg,0,1,0,0,0,0,0,0,0,0
7_jpg.rf.985774265c933a39f94aff190f54a905.jpg,0,0,0,0,1,0,0,0,0,0
61_jpg.rf.07265d9e3f282a8c96fba470abd797ab.jpg,0,0,0,0,1,0,0,0,0,0
461_jpg.rf.c6e4143b1d31735865b030b2e42be972.jpg,0,0,0,0,0,0,1,0,0,0
478_jpg.rf.aa933a411bbb9885bc4f39c01db70ef0.jpg,0,0,0,0,0,0,1,0,0,0
500_jpg.rf.079a1211edcd289a93915e7dbbfd2e0c.jpg,0,0,0,0,0,0,1,0,0,0
553_jpg.rf.e0f23dd3cd261e2377d35d676bf00da7.jpg,1,0,0,0,0,0,0,0,0,0
529_jpg.rf.b1124465322fa666458f838c5ef81bd5.jpg,1,0,0,0,0,0,0,0,0,0
462_jpg.rf.0d633be8a8fa8fbe1ed74a13cf9591f2.jpg,0,0,0,0,0,0,1,0,0,0
674_jpg.rf.ea46bd44bc6276b5f0e100e554e6f956.jpg,0,0,0,1,0,0,0,0,0,0
67_jpg.rf.ccce0a1a88fd46641a0aa1922008a1ac.jpg,0,0,0,0,1,0,0,0,0,0
534_jpg.rf.e4a09d44fab2da2d31072a7017268e10.jpg,1,0,0,0,0,0,0,0,0,0
410_jpg.rf.623f7aaf2edd915d2867be709e74abbc.jpg,0,0,0,0,0,0,1,0,0,0
414_jpg.rf.176d268900db44c805f9c3cd43ee91aa.jpg,0,0,0,0,0,0,1,0,0,0
856_jpg.rf.c50325a423935b8e371882e299bfb3ee.jpg,0,0,0,0,0,1,0,0,0,0
930_jpg.rf.bed054b8b7253510317ac13adca9a142.jpg,0,0,0,0,0,0,0,1,0,0
698_jpg.rf.5e46bd5f685d47f50fae4b74d67e5619.jpg,0,0,0,1,0,0,0,0,0,0
326_jpg.rf.6b233b20401442c1ed33428d74ad4280.jpg,0,0,1,0,0,0,0,0,0,0
501_jpg.rf.6b26486bb00070b025610125a83090ef.jpg,1,0,0,0,0,0,0,0,0,0
933_jpg.rf.38256d2ebdc9e80caeb683608234c2a6.jpg,0,0,0,1,0,0,0,1,0,0
744_jpg.rf.5a12bf7906562403712516d2b691a2df.jpg,0,1,0,0,0,0,0,0,0,0
327_jpg.rf.0aa427b1314e1485765a1f2581bedaf8.jpg,0,0,1,0,0,0,0,0,0,0
691_jpg.rf.db24e129795bdabe2c5d4ee69d83e5fb.jpg,0,0,0,1,0,0,0,0,0,0
25_jpg.rf.f7068d1962e5c11a39fae6f15fa40ac4.jpg,0,0,0,0,1,0,0,0,0,0
347_jpg.rf.69b9bfa7a53c2b9cfac9114c69241759.jpg,0,0,1,0,0,0,0,1,0,0
797_jpg.rf.117525f4603b950fd00e61975a394d69.jpg,0,1,0,0,0,0,0,0,0,0
829_jpg.rf.43d730d7d3e1dd5ed256cb9f84c8b0aa.jpg,0,0,0,0,0,1,0,0,0,0
757_jpg.rf.1f4b3598a88b99bd8185107f2f786a8d.jpg,0,1,0,0,0,0,0,0,0,0
593_jpg.rf.974a2d3e09f8d0fc561e06c72c7f523f.jpg,1,0,0,0,0,0,0,0,0,0
53_jpg.rf.60dfed5d526f6beb5666aa56c70d53a5.jpg,0,0,0,0,1,0,0,0,0,0
284_jpg.rf.4162a923ac570bed532a3df9603618f7.jpg,0,0,0,0,0,0,0,0,1,0
910_jpg.rf.a634893e4d6fcc3e2d2307d14fcefbe3.jpg,0,0,0,0,0,0,0,1,0,0
987_jpg.rf.6f1d1416784402f91ae7beffceed35cf.jpg,0,0,0,0,0,1,0,1,0,0
891_jpg.rf.131f8eec121f52aba82ba8781ec0bc49.jpg,0,0,0,0,0,1,0,0,0,0
450_jpg.rf.9399f7c28135bb31ded8d1b17a309519.jpg,0,0,0,0,0,0,1,0,0,0
135_jpg.rf.07834f7b39012b0db96970a6683c9283.jpg,0,0,0,0,0,0,0,0,0,1
548_jpg.rf.2c7b2688920e919fb5eac32ef91e2b50.jpg,1,0,0,0,0,0,0,0,0,0
194_jpg.rf.44d9ce4beda7ae6d624b791cedb8bd2f.jpg,0,0,0,0,0,0,0,0,0,1
223_jpg.rf.f22fae7f0ee221374515cd4ff3115bc5.jpg,0,0,0,0,0,0,0,0,1,0
338_jpg.rf.88fca3879a6fe4af313838562c43748c.jpg,0,0,1,0,0,0,0,0,0,0
655_jpg.rf.a1eb369edb83e0c8b74a1c6517f6c6d6.jpg,0,0,0,1,0,0,0,0,0,0
215_jpg.rf.a672643b8e820ab513e8e59293a07aa8.jpg,0,0,0,0,0,0,0,0,1,0
218_jpg.rf.f753d895d2d8014fabac42a2eac50820.jpg,0,0,0,0,0,0,0,0,1,0
138_jpg.rf.c513a9953b0648319576bde38b910d8a.jpg,0,0,0,0,0,0,0,0,0,1
48_jpg.rf.2138541b7c2f6adfa27b75a25149a917.jpg,0,0,0,0,1,0,0,0,0,0
297_jpg.rf.9bebf07416995d2824f46a675763a328.jpg,0,0,0,0,0,0,0,0,1,0
439_jpg.rf.1f131c5fb7caac1c78c13a41538b4ba3.jpg,0,0,0,0,0,0,1,0,0,0
948_jpg.rf.af48b4dd5e68fe7f492e61090fa7f837.jpg,0,0,0,0,0,0,0,1,0,0
720_jpg.rf.51f28d4324189d9dec1743c4be18c7b7.jpg,0,1,0,0,0,0,0,0,0,0
486_jpg.rf.1a5e31f41849ef5a7f658143e6bddb8e.jpg,0,0,0,0,0,0,1,0,0,0
709_jpg.rf.c3280a634e1b4c37053c6cf23e4ffe28.jpg,0,1,0,0,0,0,0,0,0,0
397_jpg.rf.9946641cbd3b9bf8241a5153cca19554.jpg,0,0,1,0,0,0,0,0,0,0
764_jpg.rf.5874e90457c390197db75ba5d22626f5.jpg,0,1,0,0,0,0,0,0,0,0
884_jpg.rf.b43d49f9bf4c73b2bcf98387767bead5.jpg,0,0,0,0,0,1,0,0,0,0
131_jpg.rf.3dcb1e502b63dde369ebf4212db9fc59.jpg,0,0,0,0,0,0,0,0,0,1
681_jpg.rf.b580cc5899a9fa21c463d349a10543a1.jpg,0,0,0,1,0,0,0,0,0,0
141_jpg.rf.98c37461d2fa969c564bf4988c072bba.jpg,0,0,0,0,0,0,0,0,0,1
353_jpg.rf.3a5472f44c53f5ca430bf2c08f8acfd7.jpg,0,0,1,0,0,0,0,0,0,0
437_jpg.rf.64c373e9361d4d4f321c506ac988ae90.jpg,0,0,0,0,0,0,1,0,0,0
682_jpg.rf.72c0c86eea3bd97a712a9000563db944.jpg,0,0,0,1,0,0,0,0,0,0
554_jpg.rf.f90f6f097f9b086e9ba76a4fa5456416.jpg,1,0,0,0,0,0,0,0,0,0
146_jpg.rf.b8c0885387907d373c38aa4b864f835e.jpg,0,0,0,0,0,0,0,0,0,1
810_jpg.rf.be2dd3af54e348055273e2acda8c4842.jpg,0,0,0,0,0,1,0,0,0,0
86_jpg.rf.b274d335282c06b6d88f75fcfe25296c.jpg,0,0,0,0,1,0,0,0,0,0
938_jpg.rf.d7f7e7c4662797141f066102e91a0802.jpg,0,0,0,0,0,0,0,1,0,0
772_jpg.rf.e25e66c1caf1416aa9e47b4291110638.jpg,0,1,0,0,0,0,0,0,0,0
328_jpg.rf.5316977383047e67420f48d1020d135c.jpg,0,0,1,0,0,0,0,0,0,0
758_jpg.rf.83ae8a4b6fa335e2cb4bd1255361fb3d.jpg,0,1,0,0,0,0,0,0,0,0
641_jpg.rf.cac98d3a1731a7f63c7eaca642bdc5a1.jpg,0,0,0,1,0,0,0,0,0,0
180_jpg.rf.d27920118c112d08c7dc3179dfd085b0.jpg,0,0,0,0,0,0,0,0,0,1
777_jpg.rf.82a2044b99cb46ae0f037fc0102c3059.jpg,0,1,0,0,0,0,0,0,0,0
502_jpg.rf.1c859b7b39d536e8e6531ae4794384f3.jpg,1,0,0,0,0,0,0,0,0,0
472_jpg.rf.306729e2cb7b9f33defab2dcb27e4206.jpg,0,0,0,0,0,0,1,0,0,0
952_jpg.rf.5140388bb9748f85c61fd3ff6bd4c870.jpg,0,0,0,0,0,0,0,1,0,0
318_jpg.rf.76658f268b6b6e6f6f66be0d1a693387.jpg,0,0,1,0,0,0,0,0,0,0
822_jpg.rf.ef297247cba344a770c0d2a636b958af.jpg,0,0,0,0,0,1,0,0,0,0
779_jpg.rf.2dce33fc1ef19bc4123dbe3b815fcf90.jpg,0,1,0,0,0,0,0,0,0,0
300_jpg.rf.52f6ba23c51a985b658e20348c4e4f14.jpg,0,0,0,0,0,0,0,0,1,0
349_jpg.rf.a24d271d38804a390016a25602eb42ca.jpg,0,0,1,0,0,0,0,0,0,0
520_jpg.rf.2fb3d9ca49d78b8c79555954f4be9284.jpg,1,0,0,0,0,0,0,0,0,0
995_jpg.rf.edac40e9c00182d6e29e1990d899698a.jpg,0,0,0,0,0,0,1,1,0,0
921_jpg.rf.bbbb9719b45e7732c79024008525dcf1.jpg,0,0,0,0,0,0,0,1,0,0
871_jpg.rf.b82a168c2d812fa6c69242d8f6882e03.jpg,0,0,0,0,0,1,0,0,0,0
30_jpg.rf.0e55296a08290f94c625793ab0972ab8.jpg,0,0,0,0,1,0,0,0,0,0
845_jpg.rf.7becab3f9a6a1e3ef35e101625f8ce6a.jpg,0,0,0,0,0,1,0,1,0,0
458_jpg.rf.4b75baa11e6197e7c8cb54b86227a10d.jpg,0,0,0,0,0,0,1,0,0,0
883_jpg.rf.df459193b75611d70653a28de2a269c2.jpg,0,0,0,0,0,1,0,0,0,0
493_jpg.rf.9548708b1ce5d17f4f36b02be70b1011.jpg,0,0,0,0,0,0,1,0,0,0
843_jpg.rf.712da0acd4f99a08058f56525cfb51e2.jpg,0,0,0,0,0,1,0,0,0,0
778_jpg.rf.5be1f08460a035ae8c0a4d144266b81a.jpg,0,1,0,0,0,0,0,0,0,0
331_jpg.rf.92f44217301609c55ce1e00d08f35c80.jpg,0,0,1,0,0,0,0,0,0,0
256_jpg.rf.256754d3d30b7f4202d70a2d8e59271d.jpg,0,0,0,0,0,0,0,0,1,0
706_jpg.rf.0dceef541714f00d3088a067f8cb56e3.jpg,0,1,0,0,0,0,0,1,0,0
433_jpg.rf.5cfc0724e17fde38d8f3850e25e59aed.jpg,0,0,0,0,0,0,1,0,0,0
76_jpg.rf.e23fe299b627bf2ccb73dd66fc5c4310.jpg,0,0,0,0,1,0,0,0,0,0
931_jpg.rf.cf0d40390051e8c386d5644b22916f07.jpg,0,0,0,0,0,0,0,1,0,0
639_jpg.rf.42608d2a706cbc65847b25df110e8669.jpg,0,0,0,1,0,0,0,0,0,0
73_jpg.rf.135d0f3962466dd023ac2031811015d5.jpg,0,0,0,0,1,0,0,0,0,0
640_jpg.rf.ac22b313ea353b97b0ea2e64dc48442d.jpg,0,0,0,1,0,0,0,0,0,0
19_jpg.rf.ef17f7b7350050954ffada623cc1c222.jpg,0,0,0,0,1,0,0,0,0,0
939_jpg.rf.a3d595ea99206a6f16a809d72195848b.jpg,0,0,0,0,0,0,0,1,0,0
42_jpg.rf.77babe58f27cc0cd0358fe0af8059bb8.jpg,0,0,0,0,1,0,0,0,0,0
163_jpg.rf.3f5f12f377feb788e6119fbaff0e3bfb.jpg,0,0,0,0,0,0,0,0,0,1
555_jpg.rf.40930d0b707e42387c882f2a81961047.jpg,1,0,0,0,0,0,0,0,0,0
134_jpg.rf.b6f7baa2fba305a3a68ffc078ba65e6b.jpg,0,0,0,0,0,0,0,0,0,1
235_jpg.rf.77916690dce52091b0ef9cc2ad4a47a5.jpg,0,0,0,0,0,0,0,0,1,0
98_jpg.rf.e4c424679b3f784b37488ee704d63527.jpg,0,0,0,0,1,0,0,0,0,0
546_jpg.rf.3043a1dac698f515e146cbeaa08204ee.jpg,1,0,0,0,0,0,0,0,0,0
973_jpg.rf.fff6161d4d00fc1be207c5dca987d929.jpg,0,0,0,0,0,1,0,1,0,0
184_jpg.rf.666570775802215e62bbd4e00ed04d42.jpg,0,0,0,0,0,0,0,0,0,1
464_jpg.rf.a2c70189bcf74ca328e53f479977597b.jpg,0,0,0,0,0,0,1,0,0,0
371_jpg.rf.01fb1d67e98b83791d9d2aa011ca6f4b.jpg,0,0,1,0,0,0,0,0,0,0
533_jpg.rf.9921581a6736013e3efc7c8a6c846d95.jpg,1,0,0,0,0,0,0,0,0,0
261_jpg.rf.b6f3f91e03652fcdbe65145cc4af6938.jpg,0,0,0,0,0,0,0,0,1,0
814_jpg.rf.b5a8bcccd636d8f51af34f271baf93bd.jpg,0,0,0,0,0,1,0,0,0,0
421_jpg.rf.9fef1479a5fbcbc703ca8a77c208897a.jpg,0,0,0,0,0,0,1,0,0,0
925_jpg.rf.9a3eca4eea6894d8408f957eae83f3e6.jpg,0,0,0,0,0,0,0,1,0,0
847_jpg.rf.69ec7c0f5f803f52832bd8dff8e4c3cd.jpg,0,0,0,0,0,1,0,0,0,0
259_jpg.rf.722519848987d605bc8280fdc3bc2682.jpg,0,0,0,0,0,0,0,0,1,0
330_jpg.rf.de932980a62a11f29dd41cd948fb41e7.jpg,0,0,1,0,0,0,0,0,0,0
440_jpg.rf.10d0687af46f68dc998107657f7e21a6.jpg,0,0,0,0,0,0,1,0,0,0
294_jpg.rf.9ae4292c6a8c1a000edf3f0950fc9f75.jpg,0,0,0,0,0,0,0,0,1,0
377_jpg.rf.b59af334040a918b13178c04371a01e8.jpg,0,0,1,0,0,0,0,1,0,0
403_jpg.rf.0031b70bff74b4c529b2e6e0991d851b.jpg,0,0,0,0,0,0,1,0,0,0
801_jpg.rf.3cd1992361996259a81dc6cc19ba612a.jpg,0,0,0,0,0,1,0,0,0,0
13_jpg.rf.99c4d025ba307ec96ebde1157c6de8b7.jpg,0,0,0,0,1,0,0,0,0,0
559_jpg.rf.98d5cf1c8ffbdde3b2e0ff4c23704bc7.jpg,1,0,0,0,0,0,0,0,0,0
380_jpg.rf.f33d114084a45bf4baff0c0a5fcc738d.jpg,0,0,1,0,0,0,0,1,0,0
721_jpg.rf.8580904ef7ef8d5c4246e7682db81b5f.jpg,0,1,0,0,0,0,0,0,0,0
517_jpg.rf.f2ad070487a6a0a5d6cfb6bef786ff2a.jpg,1,0,0,0,0,0,0,0,0,0
780_jpg.rf.9037fa8228761ea52b3a28fb1485c5ca.jpg,0,1,0,0,0,0,0,0,0,0
287_jpg.rf.3a00a610f693f0cee090b076a4ccd475.jpg,0,0,0,0,0,0,0,0,1,0
1_jpg.rf.287a2eef3e52447dabe46443dc69c3b7.jpg,0,0,0,0,1,0,0,0,0,0
116_jpg.rf.fa37a9c646c361dd9ec2555ba196a6dd.jpg,0,0,0,0,0,0,0,0,0,1
624_jpg.rf.f3572445bb6ba6c003e22f3f0af20b36.jpg,0,0,0,1,0,0,0,0,0,0
476_jpg.rf.0648eec0b366483ce17cbe95efd401f7.jpg,0,0,0,0,0,0,1,0,0,0
152_jpg.rf.b0242e8b003e9cf62a1371e3f50801fc.jpg,0,0,0,0,0,0,0,0,0,1
514_jpg.rf.ca41bc9fd670ba7dc51f4852f7a12a39.jpg,1,0,0,0,0,0,0,0,0,0
418_jpg.rf.57295f7a1c3b95c2bd8faa146652651c.jpg,0,0,0,0,0,0,1,0,0,0
671_jpg.rf.738675b88a1c3afa45f31cd602a9ca3a.jpg,0,0,0,1,0,0,0,1,0,0
148_jpg.rf.880464cdd43082adac749bb694c8b575.jpg,0,0,0,0,0,0,0,0,0,1
56_jpg.rf.c25fcd1fafa1f4cb371999119371ccee.jpg,0,0,0,0,1,0,0,0,0,0
144_jpg.rf.3bed94fc2a5497e11988ce5c2902b09b.jpg,0,0,0,0,0,0,0,0,0,1
730_jpg.rf.5da18c66afc0c677c146c2933fb051c8.jpg,0,1,0,0,0,0,0,0,0,0
417_jpg.rf.545b8b46697369e9a8a99fb39823b67c.jpg,0,0,0,0,0,0,1,0,0,0
150_jpg.rf.fcc58ac9d4929c07146f244abcaecc9d.jpg,0,0,0,0,0,0,0,0,0,1
190_jpg.rf.c9be4709044ed2712b5202d305e1b37f.jpg,0,0,0,0,0,0,0,0,0,1
893_jpg.rf.dd0135af8d5cbefb767f87047fa112e9.jpg,0,0,0,0,0,1,0,0,0,0
519_jpg.rf.543ee02238d5d7ed57e50709a2bf2139.jpg,1,0,0,0,0,0,0,0,0,0
701_jpg.rf.0e9efeaef9abe6360775b7a680522613.jpg,0,1,0,0,0,0,0,0,0,0
879_jpg.rf.d9d936815d5dcb3a16f9593519bbb953.jpg,0,0,0,0,0,1,0,0,0,0
249_jpg.rf.68b9001ccd20ae89f1327dd6d8429ae1.jpg,0,0,0,0,0,0,0,0,1,0
59_jpg.rf.5d53170fbedcdf0bc809976622b82b3e.jpg,0,0,0,0,1,0,0,0,0,0
544_jpg.rf.8df1e8458eaf2970fd7235f7be5a0037.jpg,1,0,0,0,0,0,0,0,0,0
90_jpg.rf.48bce06ffbf1a3a63176279f4e4b2d1c.jpg,0,0,0,0,1,0,0,0,0,0
415_jpg.rf.5526e40bb764d6b7109b303f9f716770.jpg,0,0,0,0,0,0,1,0,0,0
448_jpg.rf.008418400d98a77669ed897dc7302140.jpg,0,0,0,0,0,0,1,0,0,0
562_jpg.rf.e9f281501be3c30d879213ff8850e64d.jpg,1,0,0,0,0,0,0,0,0,0
201_jpg.rf.cf374e7cf3e7d270dd7cc6f7f6cb428c.jpg,0,0,0,0,0,0,0,0,1,0
508_jpg.rf.b12276a0ec772b672db8573708ba05c5.jpg,1,0,0,0,0,0,0,0,0,0
687_jpg.rf.36f27e4b2fd5f6ff06287db82409123f.jpg,0,0,0,1,0,0,0,0,0,0
250_jpg.rf.368889bce304afe2f8a303d8dad8f0a7.jpg,0,0,0,0,0,0,0,0,1,0
147_jpg.rf.6b19d8f6ea33698f09d5ad6df6d4798b.jpg,0,0,0,0,0,0,0,0,0,1
89_jpg.rf.eedcc055b7243d03823034842ef71666.jpg,0,0,0,0,1,0,0,0,0,0
82_jpg.rf.baf093c6ad34847b7f689b1470210725.jpg,0,0,0,0,1,0,0,0,0,0
333_jpg.rf.7c8a444dfcf156d27c26706bd6d66580.jpg,0,0,1,0,0,0,0,0,0,0
340_jpg.rf.b6588dc5262ddd00cae81aaab542b6bd.jpg,0,0,1,0,0,0,0,1,0,0
161_jpg.rf.ba0c64f0d652f5b69efcccb9b17bb9eb.jpg,0,0,0,0,0,0,0,0,0,1
940_jpg.rf.4699f07a14832e2a4fc3bcc0443c7473.jpg,0,0,0,0,0,0,0,1,0,0
898_jpg.rf.30ef6df4c38cc2e0526ac34f102a6c98.jpg,0,0,0,0,0,1,0,0,0,0
412_jpg.rf.2ab0724c962fdc44829f77439c8560f2.jpg,0,0,0,0,0,0,1,0,0,0
536_jpg.rf.615698df1711ad886bc306cd01759f15.jpg,1,0,0,0,0,0,0,0,0,0
951_jpg.rf.39f1e4de13537bf6a92f0a65692fafb0.jpg,0,0,0,0,0,0,0,1,0,0
605_jpg.rf.b2aadd743628a3880e2ad00221800308.jpg,0,0,0,1,0,0,0,0,0,0
538_jpg.rf.96b2c66731fa0431d27e9b96833fc7ae.jpg,1,0,0,0,0,0,0,0,0,0
282_jpg.rf.ba187d57a9a4120b6de11587133f6418.jpg,0,0,0,0,0,0,0,0,1,0
610_jpg.rf.356775fcf32257e1910015d53af89983.jpg,0,0,0,1,0,0,0,0,0,0
445_jpg.rf.d64a53eff0c20e5972e9b7cfb14c0a71.jpg,0,0,0,0,0,0,1,0,0,0
958_jpg.rf.45e2381ff83aee1bfaefe7041f96ced4.jpg,1,0,0,1,0,0,0,1,0,0
537_jpg.rf.3d3fe16c1afd73d2a51f3700cc9c19fb.jpg,1,0,0,0,0,0,0,0,0,0
620_jpg.rf.46b0bdbe5cc1b9d7002b8a7422719db3.jpg,0,0,0,1,0,0,0,0,0,0
51_jpg.rf.1098bd216e40d8f7c803ca3b709c5d4f.jpg,1,0,0,0,0,0,0,0,0,0
409_jpg.rf.bd13870330dba2c00e6c8fdf3502fd74.jpg,0,0,0,0,0,0,1,0,0,0
819_jpg.rf.0f1d3ef263e94cd687b9f43b26912c77.jpg,0,0,0,0,0,1,0,0,0,0
431_jpg.rf.fd3b4ae1ec6ffad8ae1bcefec5dd0eb3.jpg,0,0,0,0,0,0,1,0,0,0
363_jpg.rf.4280b482a02e7175091033b38359c38d.jpg,0,0,1,0,0,0,0,0,0,0
574_jpg.rf.da75027a35e519e0d8c6c8a53cf83f07.jpg,1,0,0,0,0,0,0,0,0,0
199_jpg.rf.4444b56eec56ba88d9bfe23f8c14826b.jpg,0,0,0,0,0,0,0,0,0,1
770_jpg.rf.aa15816324c00413ebcdd02c8ef5f2ad.jpg,0,1,0,0,0,0,0,0,0,0
504_jpg.rf.6856edba32314443b49fdaabe60defc1.jpg,1,0,0,0,0,0,0,0,0,0
980_jpg.rf.9c60caeb8f29e41839139060e5ec0104.jpg,1,0,0,0,0,0,0,1,0,0
953_jpg.rf.2e4f919bb3572ca862d851dc8c9d99e6.jpg,0,0,0,1,0,0,0,1,0,0
427_jpg.rf.04afb22f5f6d9cbc6d91c1b32c9b64b2.jpg,0,0,0,0,0,0,1,0,0,0
594_jpg.rf.cdd9e8e6d0a843156c94d1255ec38549.jpg,1,0,0,0,0,0,0,0,0,0
552_jpg.rf.b31f67d1b1ae8214b9a8e0dfa3060f06.jpg,1,0,0,0,0,0,0,0,0,0
596_jpg.rf.ec85ecdf0353de51160e1d03001a4cbe.jpg,1,0,0,0,0,0,0,0,0,0
618_jpg.rf.5854ad2c03121b68d7ffa6e146db387c.jpg,0,0,0,1,0,0,0,0,0,0
726_jpg.rf.1d6305f5af318f0d59d5cb59b581c0c1.jpg,0,1,0,0,0,0,0,0,0,0
391_jpg.rf.aea057b26bb478b15268fbae4c1b7f32.jpg,0,0,1,0,0,0,0,0,0,0
905_jpg.rf.10f91b3e64598e15607f409ab6787799.jpg,0,0,0,0,0,0,0,1,0,0
290_jpg.rf.72aafe8933a72d11c910075f12bc63d1.jpg,0,0,0,0,0,0,0,0,1,0
535_jpg.rf.a256d23fd279a4405261d1fa0959f295.jpg,1,0,0,0,0,0,0,0,0,0
530_jpg.rf.1150aeab11c775ea868f93d4d77b8e67.jpg,1,0,0,0,0,0,0,0,0,0
754_jpg.rf.644dcfed73399ba1b8e40799ccbba9e2.jpg,0,1,0,0,0,0,0,0,0,0
977_jpg.rf.e3f02e4d8a08671c92dd0a717232a933.jpg,0,0,0,1,0,0,0,1,0,0
932_jpg.rf.c450df552eaaf239e30e6c4a1053122f.jpg,0,0,0,0,0,0,0,1,0,0
889_jpg.rf.a15c6276de6007b0073868f4953ba7f7.jpg,0,0,0,0,0,1,0,0,0,0
511_jpg.rf.347019412316c3d47d0479551abddec6.jpg,1,0,0,0,0,0,0,0,0,0
302_jpg.rf.977115ead509594b59a69f5eaa3dfc01.jpg,0,0,1,0,0,0,0,0,0,0
88_jpg.rf.df81053e324824fc502dfc92d4207e7b.jpg,0,0,0,0,1,0,0,0,0,0
17_jpg.rf.fd9a14b4122814589ce4b23df1caada7.jpg,0,0,0,0,1,0,0,0,0,0
617_jpg.rf.d9f16fa58498ca11520e1c6555f199f6.jpg,0,0,0,1,0,0,0,0,0,0
762_jpg.rf.690c2f57eb92d2ad85f074aa227ada8f.jpg,0,1,0,0,0,0,0,0,0,0
398_jpg.rf.e32126eaa812da748ab243ba13f2ddfd.jpg,0,0,1,0,0,0,0,0,0,0
803_jpg.rf.8727470583fad83dfd5a14f9f4602511.jpg,0,0,0,0,0,1,0,0,0,0
47_jpg.rf.d17d668073f89d955277f5a0df6f5767.jpg,0,0,0,0,1,0,0,0,0,0
498_jpg.rf.b7ecefb46ba1205048998af768fc5d64.jpg,0,0,0,0,0,0,1,0,0,0
748_jpg.rf.abc203d8949c6bd6d49d666dd59a430d.jpg,0,1,0,0,0,0,0,0,0,0
711_jpg.rf.9a2de53b5fdaef58f1633770aed0c04c.jpg,0,1,0,0,0,0,0,0,0,0
465_jpg.rf.f7749842923b7a18f970ffbe1ef52e38.jpg,0,0,0,0,0,0,1,0,0,0
487_jpg.rf.cfd7f036a96911bc2843725986aef847.jpg,0,0,0,0,0,0,1,1,0,0
753_jpg.rf.13f57f23351218330e545d0cc11d8035.jpg,0,1,0,0,0,0,0,0,0,0
579_jpg.rf.855dbc4d97f19782cf93a808ab5e17b8.jpg,1,0,0,0,0,0,0,0,0,0
690_jpg.rf.d4a3a6996d269fbc6f9408efe1ead661.jpg,0,0,0,1,0,0,0,0,0,0
376_jpg.rf.403c387404a14302a8600504ca89c262.jpg,0,0,1,0,0,0,0,1,0,0
793_jpg.rf.d0252875d206915bad4623befed69d45.jpg,0,1,0,0,0,0,0,1,0,0
127_jpg.rf.a4ade5856bffdb05430d4d08680139e6.jpg,0,0,0,0,0,0,0,0,0,1
271_jpg.rf.62df76b2abd7d03e5c26e36261838757.jpg,0,0,0,0,0,0,0,0,1,0
697_jpg.rf.c160c20a9a01ac05dc42c66f8c6549c5.jpg,0,0,0,1,0,0,0,0,0,0
645_jpg.rf.aa3f23fbecbbb31cf91407de9d38579e.jpg,0,0,0,1,0,0,0,0,0,0
274_jpg.rf.681e056dff37642f743466373e055033.jpg,0,0,0,0,0,0,0,0,1,0
307_jpg.rf.7f56418d466eebf689572b402e1ef16e.jpg,0,0,1,0,0,0,0,0,0,0
265_jpg.rf.950a5ef44bee0436a21f4abcfb829d39.jpg,0,0,0,0,0,0,0,0,1,0
950_jpg.rf.97b981beed4862c2669d586bcef8b63d.jpg,0,0,0,0,0,0,0,1,0,0
556_jpg.rf.00657a1ad08e6aa415c47f939202c0ef.jpg,1,0,0,0,0,0,0,0,0,0
63_jpg.rf.06aade23690d04b32c80c17c4dee0766.jpg,0,0,0,0,1,0,0,0,0,0
855_jpg.rf.637cbdea38617253b0263ed1a8a7ac71.jpg,0,0,0,0,0,1,0,0,0,0
117_jpg.rf.33bc2636f43d1daed46d9865215c6e57.jpg,0,0,0,0,0,0,0,0,0,1
38_jpg.rf.cb18de386e37f7e2f76b7d3a830cae7b.jpg,0,0,0,0,1,0,0,0,0,0
310_jpg.rf.08b4ddd2aac405aaecd512e3f855b2a0.jpg,0,0,1,0,0,0,0,0,0,0
293_jpg.rf.818edfddebd3ea83c92f7a83914223bd.jpg,0,0,0,0,0,0,0,0,1,0
922_jpg.rf.11211c7263dc145919cdc5c8ac8b1c2a.jpg,0,0,0,0,0,0,0,1,0,0
886_jpg.rf.4198cbd4c0e751a599d29901a09baaa0.jpg,0,0,0,0,0,1,0,0,0,0
999_jpg.rf.8640f65231e70d17adc6befa3301598d.jpg,0,0,0,0,0,0,1,1,0,0
102_jpg.rf.30e65183b72eb9ad3245ea6298792462.jpg,0,0,0,0,0,0,0,0,0,1
849_jpg.rf.f3ed1c4b4f00c09d2a162ac00af7cbe1.jpg,0,0,0,0,0,1,0,0,0,0
648_jpg.rf.d2c643a15487faa383b553640b6d94c7.jpg,0,0,0,1,0,0,0,0,0,0
785_jpg.rf.f22eae27b3d13bd66ebb5ee3240bb8e3.jpg,0,1,0,0,0,0,0,0,0,0
337_jpg.rf.e4d8e8600d3292dcb6ed061715f10247.jpg,0,0,1,0,0,0,0,1,0,0
860_jpg.rf.ee315a3e050ea060473f6c87fbc37c7c.jpg,0,0,0,0,0,1,0,0,0,0
196_jpg.rf.87d4eb28bb77060f1e9df4665b04599a.jpg,0,0,0,0,0,0,0,0,0,1
710_jpg.rf.44388be7a2a80cc7ad8d5428d3fe0491.jpg,0,1,0,0,0,0,0,0,0,0
236_jpg.rf.d72a09702db3e13425d3a565b0b2203f.jpg,0,0,0,0,0,0,0,0,1,0
923_jpg.rf.c4ce94e4c5715c5fc6065c5c1d5f1fa8.jpg,0,0,0,0,0,0,0,1,0,0
358_jpg.rf.246931111cab4f6e6720bb90e800d062.jpg,0,0,1,0,0,0,0,0,0,0
167_jpg.rf.ed5a139f009c63ebe5df22a76d1d09b6.jpg,0,0,0,0,0,0,0,0,0,1
109_jpg.rf.3f23712a9e7bc927e33f395be563ae07.jpg,0,0,0,0,0,0,0,0,0,1
81_jpg.rf.fa3552ef814386b3291e7e77bf0199c1.jpg,0,0,0,0,1,0,0,0,0,0
970_jpg.rf.39fd097f0f8f4b24acc2a7536e84a5d5.jpg,0,0,0,1,0,0,0,1,0,0
470_jpg.rf.2badac69016bf8e81143ca8136e15b36.jpg,0,0,0,0,0,0,1,0,0,0
143_jpg.rf.057ec142d2f6d93fbd845a951f4fe8f7.jpg,0,0,0,0,0,0,0,0,0,1
434_jpg.rf.4be6ebd49444f3a9fd99434fa366f23c.jpg,0,0,0,0,0,0,1,0,0,0
684_jpg.rf.de5c9571d8ecc0ff7d3ecd618ba5f4e9.jpg,0,0,0,1,0,0,0,0,0,0
656_jpg.rf.191d6d85f4cdfba2237413e74a9677dc.jpg,0,0,0,1,0,0,0,0,0,0
592_jpg.rf.d400c18284dd870ae08cc21877490bb6.jpg,1,0,0,0,0,0,0,0,0,0
97_jpg.rf.15ac8fac721e92f8bc15ef2a5422805b.jpg,0,0,0,0,1,0,0,0,0,0
857_jpg.rf.785c002ad332dfe1216962a4fef93c25.jpg,0,0,0,0,0,1,0,1,0,0
858_jpg.rf.9e3e305a50bc7a7a170304db795a71f7.jpg,0,1,0,0,0,1,0,0,0,0
139_jpg.rf.7442c2a4a7f82f147b711a0a89168971.jpg,0,0,0,0,0,0,0,0,0,1
444_jpg.rf.0ed4a0f7ab10fe169b1d45eaefd7193f.jpg,0,0,0,0,0,0,1,0,0,0
291_jpg.rf.da3cc39fab0a6f800e4b785cf2695e2e.jpg,0,0,0,0,0,0,0,0,1,0
862_jpg.rf.a6d24d79c6a56bc827b5e10dafce157d.jpg,0,0,0,0,0,1,0,0,0,0
339_jpg.rf.c0bdd2a7f49248bd84338524c2427f87.jpg,0,0,1,0,0,0,0,0,0,0
100_jpg.rf.11a06ec8ce20e3d6fc92079bd5d029c6.jpg,0,0,0,0,1,0,0,0,0,0
522_jpg.rf.d52e23fbdaf46a534cc2b6228be83b60.jpg,1,0,0,0,0,0,0,0,0,0
909_jpg.rf.8b3fb0dd60d890a5e67606b0043bfec6.jpg,0,0,0,0,0,0,0,1,0,0
132_jpg.rf.c8bfcb7aea44cd73af222278a03b11d7.jpg,0,0,0,0,0,0,0,0,0,1
528_jpg.rf.416c9f1d46f85adf312f41ece90c7361.jpg,1,0,0,0,0,0,0,0,0,0
659_jpg.rf.de22847c850d78a65a4c39a253a0a209.jpg,0,0,0,1,0,0,0,0,0,0
872_jpg.rf.5d545bc8bd6aaa0d9350d3b56b63f1f8.jpg,0,0,0,0,0,1,0,0,0,0
991_jpg.rf.576a56cbdc837b4bba399b0ba5a1be1b.jpg,0,0,0,0,0,0,1,1,0,0
955_jpg.rf.2eacef9cafacd072d2ef9141888f574a.jpg,1,0,0,1,0,0,0,1,0,0
830_jpg.rf.3185b2dbe79d52a444bd4964ffd34100.jpg,0,0,0,0,0,1,0,0,0,0
5_jpg.rf.f23576428ebff4fd0e1b2100800d296b.jpg,0,0,0,0,1,0,0,0,0,0
817_jpg.rf.e3048f2f914a8d8da9c5c15719bdc575.jpg,0,0,0,0,0,1,0,0,0,0
317_jpg.rf.f88b6e8773059760b54b6874745c8099.jpg,0,0,1,0,0,0,0,0,0,0
94_jpg.rf.9011dbbf474765f39ca9430f9d33acc0.jpg,0,0,0,0,1,0,0,0,0,0
254_jpg.rf.4f33f60e17c4f1ca7a41e5482a0ede1b.jpg,0,0,0,0,0,0,0,0,1,0
827_jpg.rf.51ede45fa2e48e0a30e5d68ba961dc16.jpg,0,0,0,0,0,1,0,0,0,0
78_jpg.rf.8917f1a93608bc5393fe334b6c82e00d.jpg,0,0,0,0,1,0,0,0,0,0
277_jpg.rf.f60cceec0786c3d0cebf4045ad0387bd.jpg,0,0,0,0,0,0,0,0,1,0
209_jpg.rf.9efefcdd1a3d4291a538584359eaf4a6.jpg,0,0,0,0,0,0,0,0,1,0
393_jpg.rf.eb709ba435ea3ade548545baf3b5d9f4.jpg,0,0,1,0,0,0,0,0,0,0
969_jpg.rf.89a283c0b56f123e062c10cb7ac8cdd0.jpg,0,0,0,1,0,0,0,1,0,0
39_jpg.rf.7cfc1fc9e2875ac86482a8b406b1dd60.jpg,0,0,0,0,1,0,0,0,0,0
906_jpg.rf.76432a1faa7a8696907ed1c81ac8b232.jpg,0,0,0,0,0,0,0,1,0,0
185_jpg.rf.e082105cb40a17af06eb9f90fedf1eea.jpg,0,0,0,0,0,0,0,0,0,1
702_jpg.rf.2e792abb22ee0516a9ae3c92519890e5.jpg,0,1,0,0,0,0,0,0,0,0
602_jpg.rf.ddc7d6a6dc6ad6d994f3245e2721c144.jpg,1,0,0,1,0,0,0,0,0,0
44_jpg.rf.ecfb9581d0ea90f0278cb7a6502a41b7.jpg,0,0,0,0,1,0,0,0,0,0
946_jpg.rf.4ead9c47bf6b1a61c73ab6c814964eaf.jpg,0,0,0,0,0,0,0,1,0,0
453_jpg.rf.0239729021082d82f27a595923f26dcb.jpg,0,0,0,0,0,0,1,0,0,0
741_jpg.rf.90b5fe9658ebc666cbceb2ad54b13ccc.jpg,0,1,0,0,0,0,0,1,0,0
292_jpg.rf.011ef6175567228106162999598ad24b.jpg,0,0,0,0,0,0,0,0,1,0
392_jpg.rf.83d926f536cc2de7988d29cd85e15adc.jpg,0,0,1,0,0,0,0,0,0,0
718_jpg.rf.a3630e090d0b690f5e1b925d4f5cedc3.jpg,0,1,0,0,0,0,0,0,0,0
983_jpg.rf.c576c049f70d67bfb1140f6f55f11e77.jpg,0,0,0,0,0,1,0,1,0,0
853_jpg.rf.c7b855e1fcc4c9f1f25b028c77a3f0c6.jpg,0,0,0,0,0,1,0,0,0,0
248_jpg.rf.14acc37319bfedf311818c3fb84e88ad.jpg,0,0,0,0,0,0,0,0,1,0
759_jpg.rf.3b4558aacc430e61dacf3f4745ccfe6c.jpg,0,1,0,0,0,0,0,0,0,0
897_jpg.rf.6033198b757e6329453e0c179e7c9338.jpg,0,0,0,0,0,1,0,0,0,0
775_jpg.rf.f5ecc4ca3d6778a22329d88a9b584597.jpg,0,1,0,0,0,0,0,0,0,0
316_jpg.rf.5d59da491219f1a88afd26267fc02c2a.jpg,0,0,1,0,0,0,0,0,0,0
50_jpg.rf.b5e97020e467501b69879fb882557877.jpg,0,0,0,0,1,0,0,0,0,0
572_jpg.rf.d38af55f3f804163553d3d08e7652f2d.jpg,1,0,0,0,0,0,0,0,0,0
160_jpg.rf.447f9929060c1066af44d7e8f8979254.jpg,0,0,0,0,0,0,0,0,0,1
713_jpg.rf.f7f06ea0bb9438b224a03c0102923ac0.jpg,0,1,0,0,0,0,0,0,0,0
468_jpg.rf.7cbf0d102c87d860b03183e9dd73f7bc.jpg,0,0,0,0,0,0,1,0,0,0
760_jpg.rf.4d3172e6f90f2730a5fb0537c178160a.jpg,0,1,0,0,0,0,0,0,0,0
812_jpg.rf.fe71c71d1dc2d466d8166aeb7c3ca691.jpg,0,0,0,0,0,1,0,0,0,0
631_jpg.rf.bfc3673895feab81e0181eb977e49856.jpg,0,0,0,1,0,0,0,0,0,0
837_jpg.rf.d698fe99c4c38710ac83e27dfe7615d1.jpg,0,0,0,0,0,1,0,0,0,0
211_jpg.rf.ec424fba02fb908afe88158cdf313642.jpg,0,0,0,0,0,0,0,0,1,0
672_jpg.rf.51f0c1eea5b06ad529318f1c00731d4e.jpg,0,0,0,1,0,0,0,0,0,0
370_jpg.rf.c877aa0ef3f99c402ed865679adf8a30.jpg,0,0,1,0,0,0,0,0,0,0
85_jpg.rf.55ed20c4e813e61a5923ed9aca611afa.jpg,0,0,0,0,1,0,0,0,0,0
237_jpg.rf.588cbf2fd16cbb7a7752e940beedddcf.jpg,0,0,0,0,0,0,0,0,1,0
481_jpg.rf.7f0a4bd1ea565d1693429079c979d883.jpg,0,0,0,0,0,0,1,0,0,0
673_jpg.rf.93f864eae2e64a4daa9b1b5af8d65109.jpg,0,0,0,1,0,0,0,0,0,0
619_jpg.rf.9e51130c98456e486ca02ca860ce3b67.jpg,0,0,0,1,0,0,0,0,0,0
899_jpg.rf.86f90ded46888498580cd5a7ec810a18.jpg,0,0,0,0,0,1,0,0,0,0
275_jpg.rf.e05b0e03008f46771cd94510ee744c64.jpg,0,0,0,0,0,0,0,0,1,0
866_jpg.rf.dcfe74ae17a47562e8df77db3f437978.jpg,0,0,0,0,0,1,0,0,0,0
510_jpg.rf.d3d3cbe90b41327d950ef3f8fd57c6a7.jpg,1,0,0,0,0,0,0,0,0,0
272_jpg.rf.fcd8d815d879b64b6d645ceea6821abf.jpg,0,0,0,0,0,0,0,0,1,0
66_jpg.rf.4d5b0209950ea71c2ba5e9623360537f.jpg,0,0,0,0,1,0,0,0,0,0
558_jpg.rf.456fe7ffb472ad309512859c1ff47818.jpg,1,0,0,0,0,0,0,0,0,0
723_jpg.rf.0f1eb6d686347e503a2cdf4157282ef2.jpg,0,1,0,0,0,0,0,0,0,0
881_jpg.rf.6b17b15e5af958183d9f184f55f1edc3.jpg,0,0,0,0,0,1,0,0,0,0
581_jpg.rf.473f92be0972f4d00e92ca0ab3bdbfcb.jpg,1,0,0,0,0,0,0,0,0,0
60_jpg.rf.f32f8fec27964c34612d9099f5d787ed.jpg,0,0,0,0,1,0,0,0,0,0
491_jpg.rf.ccb376c6b98e5a1fca98c710bc057eed.jpg,0,0,0,0,0,0,1,0,0,0
165_jpg.rf.f69f06210806e522bab7d7e407d32e3b.jpg,0,0,0,0,0,0,0,0,0,1
419_jpg.rf.60990598f67c72bde232b6efaacb282f.jpg,0,0,0,0,0,0,1,0,0,0
842_jpg.rf.d8f3c21489a3fc62ee32a9740944b48e.jpg,0,0,0,0,0,1,0,0,0,0
599_jpg.rf.ee4572e4e142237a38a1403ae11ea76f.jpg,1,0,0,0,0,0,0,0,0,0
110_jpg.rf.02aef006916451895118537b781170f9.jpg,0,0,0,0,0,0,0,0,0,1
911_jpg.rf.c973ab2216a1a5006ef2a9ab2aee3ad7.jpg,0,0,0,0,0,0,0,1,0,0
963_jpg.rf.2b5b07daf243f1530e84e560b25f5a8e.jpg,0,0,0,1,0,0,0,1,0,0
832_jpg.rf.2703e12cf68a9cb5a0b9c253551c39ba.jpg,0,0,0,0,0,1,0,0,0,0
968_jpg.rf.e031aa6d1e5099d6709976d2b94e5986.jpg,0,0,0,1,0,0,0,1,0,0
413_jpg.rf.6cedd7212ee0bd9c52dae41db4e964d1.jpg,0,0,0,0,0,0,1,0,0,0
342_jpg.rf.ac576ce984c426df188e9a68987b8d07.jpg,0,0,1,0,0,0,0,0,0,0
278_jpg.rf.564c45eb9f8ef5579968ef9a7a2364eb.jpg,0,0,0,0,0,0,0,0,1,0
890_jpg.rf.150d8b1fda500b20a3ef01007dee2645.jpg,0,0,0,0,0,1,0,0,0,0
670_jpg.rf.a70817a2b2b7bda6f22e68573ab78009.jpg,0,0,0,1,0,0,0,0,0,0
298_jpg.rf.80d5929efcf5a8ddebf10352f4f96a2d.jpg,0,0,0,0,0,0,0,0,1,0
833_jpg.rf.6b47f35e49abe265cdd178fdb44566b0.jpg,0,0,0,0,0,1,0,0,0,0
917_jpg.rf.89aba4d49637d1b69e59a393e9416825.jpg,0,0,0,0,0,0,0,1,0,0
571_jpg.rf.02402d4079d52a4c0eb8dec9e984f69c.jpg,1,0,0,0,0,0,0,0,0,0
971_jpg.rf.20df2d2fe8d2028db1e2f28b59c55b1c.jpg,0,0,0,1,0,0,0,1,0,0
626_jpg.rf.dc06ec1fd3999d662b7010164782be11.jpg,0,0,0,1,0,0,0,0,0,0
77_jpg.rf.99bcd0d17f4487ce6cb2d8e78eb681d5.jpg,0,0,0,0,1,0,0,0,0,0
438_jpg.rf.4aaf4a55fcd80bda3cb1e1cb1ee9741a.jpg,0,0,0,0,0,0,1,0,0,0
177_jpg.rf.b50ac58d140cd3043c98f8b19fd1a67f.jpg,0,0,0,0,0,0,0,0,0,1
614_jpg.rf.a7e8e58df65ed77a69ff0329879596a9.jpg,0,0,0,1,0,0,0,0,0,0
799_jpg.rf.b78e291a23f31abeef262be483de9065.jpg,0,1,0,0,0,0,0,0,0,0
255_jpg.rf.14f221c3ae532122d5f73fe15c7ed06c.jpg,0,0,0,0,0,0,0,0,1,0
765_jpg.rf.886cda39f6ab1c6206f9405d43c33de2.jpg,0,1,0,0,0,0,0,0,0,0
724_jpg.rf.4c10f0a968f003b36838603b5cc8370f.jpg,0,1,0,0,0,0,0,0,0,0
22_jpg.rf.f25d65a66ab4fff68d9e1b24fabaa5fd.jpg,0,0,0,0,1,0,0,0,0,0
941_jpg.rf.6f09aa5ae78b86f0573fece74012482e.jpg,0,0,0,0,0,0,0,1,0,0
560_jpg.rf.92b9627e984c63e99412e642522c5896.jpg,1,0,0,0,0,0,0,0,0,0
360_jpg.rf.ace1cb4b6917b5fbf59ba6db8fd12292.jpg,0,0,1,0,0,0,0,0,0,0
213_jpg.rf.65046b4fa9832c4045f988a7c83d9b41.jpg,0,0,0,0,0,0,0,0,1,0
563_jpg.rf.3e33228a91dba7908230e7fc1fef2357.jpg,1,0,0,0,0,0,0,0,0,0
875_jpg.rf.c5933c6644314b4014b17e60fc89160b.jpg,0,0,0,0,0,1,0,0,0,0
928_jpg.rf.dd043cc051f195ac9eb26f50064e5dcc.jpg,0,0,0,0,0,0,0,1,0,0
732_jpg.rf.8af8093aac1fb4c2d084997801627360.jpg,0,1,0,0,0,0,0,0,0,0
482_jpg.rf.07f5f5fefd0afb46453c6d2a3abf228e.jpg,0,0,0,0,0,0,1,0,0,0
313_jpg.rf.7bd4a7dedfa179e9b2c62746577c0f95.jpg,0,0,1,0,0,0,0,0,0,0
364_jpg.rf.8954a74669a67377e2ee032809858e79.jpg,0,0,1,0,0,0,0,0,0,0
578_jpg.rf.135217d3be7101ec7822823ef01bfff0.jpg,1,0,0,0,0,0,0,0,0,0
920_jpg.rf.fced0105d5b62454a2333abb4e57f93a.jpg,0,0,0,0,0,0,0,1,0,0
112_jpg.rf.d6db8527dd41aeb6ad0e1243a33ca17a.jpg,0,0,0,0,0,0,0,0,0,1
241_jpg.rf.e5b2ef7560ab47292bb0d29daa768eca.jpg,0,0,0,0,0,0,0,0,1,0
314_jpg.rf.d27b69cadab814525a3ca8a3c5b30d30.jpg,0,0,1,0,0,0,0,0,0,0
880_jpg.rf.4cb854c8ed76ecd5cea109fdf7ca8dcc.jpg,0,0,0,0,0,1,0,0,0,0
114_jpg.rf.256eeef0bc26f83d7c1d716fc3608755.jpg,0,0,0,0,0,0,0,0,0,1
58_jpg.rf.ab3f9d6e68cd709374bc370893c963cc.jpg,0,0,0,0,1,0,0,0,0,0
577_jpg.rf.1e1e0c9f5eb151876dca3fc8dc4881cc.jpg,1,0,0,0,0,0,0,0,0,0
840_jpg.rf.7c19744849f4a312a2cab458b7b498b9.jpg,0,0,0,0,0,1,0,0,0,0
607_jpg.rf.a3fff5bc5f5bab133b54663aa76c63f9.jpg,0,0,0,1,0,0,0,0,0,0
771_jpg.rf.61bd417d1e73ed5e290c685e6b4f0cb5.jpg,0,1,0,0,0,0,0,0,0,0
279_jpg.rf.717bb1481da9b75c1def2c9e4ad30263.jpg,0,0,0,0,0,0,0,0,1,0
35_jpg.rf.0a39fe1f12c11af47ed2f2ea2908bc05.jpg,0,0,0,0,1,0,0,0,0,0
580_jpg.rf.425e2868903194c1cf0c2d2b4f57297b.jpg,1,0,0,0,0,0,0,0,0,0
348_jpg.rf.0664c780eeee7bda6d6faa9c62fea514.jpg,0,0,1,0,0,0,0,0,0,0
137_jpg.rf.5c09aa478d2dce840e198136f17bd649.jpg,0,0,0,0,0,0,0,0,0,1
647_jpg.rf.43163b37889c13ccbe8bcbdc7d157e6e.jpg,0,0,0,1,0,0,0,0,0,0
247_jpg.rf.b1a0195af8229ff70292570e729db958.jpg,0,0,0,0,0,0,0,0,1,0
694_jpg.rf.e3ee6f07144d933e2dba834a32b2b68a.jpg,0,0,0,1,0,0,0,0,0,0
927_jpg.rf.0b93d6fffb26318821b8cfedf17b5d14.jpg,0,0,0,0,0,0,0,1,0,0
704_jpg.rf.f03908194bc3064bcb46c0675fea1a94.jpg,0,1,0,0,0,0,0,0,0,0
725_jpg.rf.9b2e44e3827749e26d8e75dee9d52707.jpg,0,1,0,0,0,0,0,0,0,0
924_jpg.rf.fab4533409d168e49b3a25e3140df382.jpg,0,0,0,0,0,0,0,1,0,0
70_jpg.rf.d637a437100986ac17cf87eb1eb6d5f2.jpg,0,0,0,0,1,0,0,0,0,0
400_jpg.rf.e41a017825d310e12b94e9c45e3c5bbc.jpg,0,0,1,0,0,0,0,0,0,0
516_jpg.rf.c2d5d8e0c4d556fd5d1349d86ba31434.jpg,1,0,0,0,0,0,0,0,0,0
471_jpg.rf.5d5a67a39dff85927ed9beb7dc4d6aa5.jpg,0,0,0,0,0,0,1,0,0,0
791_jpg.rf.c40d6eccb7b390b2071e5c10b67f8af4.jpg,0,1,0,0,0,0,0,0,0,0
301_jpg.rf.a8f5db2721a3b541583cb5dbe86db9cc.jpg,0,0,1,0,0,0,0,0,0,0
601_jpg.rf.b6750b3595253b62749b34757ca461af.jpg,0,0,0,1,0,0,0,0,0,0
650_jpg.rf.f62171d74365bc3eb8b6f3a25069799c.jpg,0,0,0,1,0,0,0,0,0,0
961_jpg.rf.641e385200e04ab29ae7f2b7ab2e68ae.jpg,0,0,0,1,0,0,0,1,0,0
549_jpg.rf.fe7716292d71e4f016cf8dc0598a14b9.jpg,1,0,0,0,0,0,0,0,0,0
541_jpg.rf.a5bbdea889c90719237eda5ab1857d18.jpg,1,0,0,0,0,0,0,1,0,0
323_jpg.rf.362d286f24497091c39e8623fcb4b251.jpg,0,0,1,0,0,0,0,0,0,0
509_jpg.rf.799d12448084b506d386b6a21dca1d54.jpg,1,0,0,0,0,0,0,0,0,0
750_jpg.rf.271e9013942a48c01d5bf7d90a3e8080.jpg,0,1,0,0,0,0,0,0,0,0
507_jpg.rf.05cdc669a01a9a11b469923bc77cbf21.jpg,1,0,0,0,0,0,0,0,0,0
473_jpg.rf.251402562863efdbd0440725ca889bc2.jpg,0,0,0,0,0,0,1,0,0,0
675_jpg.rf.e7a7ac9e4ce230cc219ddcaf82e1b691.jpg,0,0,0,1,0,0,0,0,0,0
998_jpg.rf.929382f99e19f56f9f86ba608be15001.jpg,0,0,0,0,0,0,1,1,0,0
802_jpg.rf.995035ca183d2221a56cf963bd3f20b8.jpg,0,0,0,0,0,1,0,0,0,0
851_jpg.rf.6aa77d4558eae82eabdbdf2d9dc70065.jpg,0,0,0,0,0,1,0,0,0,0
231_jpg.rf.48e43df8ab6e7ea0dca0b314b0b0279e.jpg,0,0,0,0,0,0,0,0,1,0
200_jpg.rf.5e4663c191fc77f7c044a834bd673fa3.jpg,0,0,0,0,0,0,0,0,0,1
341_jpg.rf.a0da9174a7f5f32d73df8b75f76baf7a.jpg,0,0,1,0,0,0,0,0,0,0
805_jpg.rf.5100a74c85ffde4a63f9a25a564c382f.jpg,0,0,0,0,0,1,0,0,0,0
133_jpg.rf.6ad0055ec3bfec6d3cd8f1121d3a5213.jpg,0,0,0,0,0,0,0,0,0,1
823_jpg.rf.55b503ad343d3270880fa22c95745545.jpg,0,0,0,0,0,1,0,0,0,0
525_jpg.rf.97f9a651136ec758e44cc749162df4ff.jpg,1,0,0,0,0,0,0,0,0,0
523_jpg.rf.27454629b0ef3189c908bad2dcfc0e51.jpg,1,0,0,0,0,0,0,0,0,0
496_jpg.rf.d7f9e9a18c92f22825fbb97bfae74daf.jpg,0,0,0,0,0,0,1,0,0,0
790_jpg.rf.cff19942d63e297d6091772e4bb91acf.jpg,0,1,0,0,0,0,0,0,0,0
245_jpg.rf.7223b503e8ba2cd10e3d6192b64fe609.jpg,0,0,0,0,0,0,0,0,1,0
226_jpg.rf.8e653d1c81e6fa796ece5ac6cc3b8b7e.jpg,0,0,0,0,0,0,0,0,1,0
378_jpg.rf.9c03adad2dbdf8262ab8bf0b7c6a36de.jpg,0,0,1,0,0,0,0,1,0,0
361_jpg.rf.3c860aba3dabab825011975c7a2e8b58.jpg,0,0,1,0,0,0,0,0,0,0
882_jpg.rf.f6d73a43d8d96adb54caad8587835f59.jpg,0,0,0,0,0,1,0,0,0,0
187_jpg.rf.c975ec511d0198e310e9de538cfbee98.jpg,0,0,0,0,0,0,0,0,0,1
798_jpg.rf.0a789ed2b29b6e79acca4619b242552c.jpg,0,1,0,0,0,0,0,0,0,0
919_jpg.rf.1ec12bbdccb4f88f5d6b1e40f9324ced.jpg,0,0,0,0,0,0,0,1,0,0
84_jpg.rf.69c003616cb85fd1c0c1a9ddb70a858d.jpg,0,0,0,0,1,0,0,0,0,0
387_jpg.rf.a2aad431a97a1b1374c77ffb518c2070.jpg,0,0,1,0,0,0,0,0,0,0
425_jpg.rf.5e3dd84d026d5908069ff2a7fdea714f.jpg,0,0,0,0,0,0,1,0,0,0
591_jpg.rf.79b9c4d6bd823b22601facec3aaeb4a4.jpg,1,0,0,0,0,0,0,0,0,0
474_jpg.rf.e93900247e62be554b9fa47b3fac939c.jpg,0,0,0,0,0,0,1,0,0,0
769_jpg.rf.00b6db5669ca63d5c7ff00c7d3011e71.jpg,0,1,0,0,0,0,0,1,0,0
888_jpg.rf.bdf8b77e312faf829f35dcfbc4e14d69.jpg,0,0,0,0,0,1,0,0,0,0
99_jpg.rf.2f29c7489074d4fc6ea0b2a2fa48f2ab.jpg,0,0,0,0,0,1,0,0,0,0
570_jpg.rf.0e1a4c4cd96eb0effd4e40389eea9de0.jpg,1,0,0,0,0,0,0,0,0,0
745_jpg.rf.5437500d26fda2b1ce790fb4b6f7e637.jpg,0,1,0,0,0,0,0,0,0,0
179_jpg.rf.7090e57b1fce37fe4e931a051f429f04.jpg,0,0,0,0,0,0,0,0,0,1
229_jpg.rf.f00daba0cd5b8919792c832427b9a303.jpg,0,0,0,0,0,0,0,0,1,0
443_jpg.rf.9b23ca424cd9cd2d8f51525f26933700.jpg,0,0,0,0,0,0,1,0,0,0
402_jpg.rf.f23c7cc54e9cc5b28bbd080381c5fe36.jpg,0,0,0,0,0,0,1,0,0,0
441_jpg.rf.daaf9fa85a2773db0458fc191d386d3c.jpg,0,0,0,0,0,0,1,0,0,0
835_jpg.rf.dddc6d50463355d903d63349aa8ebae4.jpg,0,0,0,0,0,1,0,0,0,0
877_jpg.rf.e644fcd8b0cd8e7cf3bc47903db68eca.jpg,0,0,0,0,0,1,0,0,0,0
985_jpg.rf.62c5e7c22456de8979833220b0950590.jpg,0,0,0,0,0,1,0,1,0,0
531_jpg.rf.a58265f3c4cddaa35aa7c3ff98094a8e.jpg,1,0,0,0,0,0,0,0,0,0
157_jpg.rf.c937f772ccdf3c818b5eeea75aa0f09a.jpg,0,0,0,0,0,0,0,0,0,1
79_jpg.rf.a9c8603e41f4166b0a54a8d61147b7b0.jpg,0,0,0,0,1,0,0,0,0,0
564_jpg.rf.4540f9fb2987005a703bd9c369ab1294.jpg,1,0,0,0,0,0,0,0,0,0
68_jpg.rf.b4f9988817e8289aedfadc930c9473a8.jpg,0,0,0,0,1,0,0,0,0,0
483_jpg.rf.9429a7b02bfbce4469e49bf1feebb47f.jpg,0,0,0,0,0,0,1,0,0,0
26_jpg.rf.580bbce98ce55b4c684f157449d69ecc.jpg,0,0,0,0,1,0,0,0,0,0
964_jpg.rf.1d64a20c09ac99e4895aa866445b8f4c.jpg,0,0,0,1,0,0,0,1,0,0
749_jpg.rf.dc5377c0a3751b58e4e057862a1931d4.jpg,0,1,0,0,0,0,0,0,0,0
654_jpg.rf.322bac40808564ca3f72a336e23b5a30.jpg,0,0,0,1,0,0,0,0,0,0
269_jpg.rf.2406098e860332422c2980c88a24a661.jpg,0,0,0,0,0,0,0,0,1,0
45_jpg.rf.30ac8ee58120213c50251efc456cd21b.jpg,0,0,0,0,1,0,0,0,0,0
136_jpg.rf.f9f5f1f5be19cd6b0e4d21b84251225a.jpg,0,0,0,0,0,0,0,0,0,1
10_jpg.rf.1f22b8ca08d2fdebd923e47edb8bc360.jpg,0,0,0,0,1,0,0,0,0,0
456_jpg.rf.72e0200e6c7863de1be573911ddd6948.jpg,0,0,0,0,0,0,1,0,0,0
716_jpg.rf.5eeccbdcb32533315cb469bfeb8d0377.jpg,0,1,0,0,0,0,0,0,0,0
668_jpg.rf.12800eccbdbe1a604ce5fd10da0ab0bb.jpg,0,0,0,1,0,0,0,0,0,0
623_jpg.rf.d4857b8fda75a8982fb726adeaa358a8.jpg,0,0,0,1,0,0,0,0,0,0
309_jpg.rf.0f367758fb363757a8f31130c7b511e8.jpg,0,0,1,0,0,0,0,0,0,0
365_jpg.rf.a326c009cdd5c387646d5c179f3705e6.jpg,0,0,1,0,0,0,0,0,0,0
707_jpg.rf.782fc28e2703cc741704075b354caf3c.jpg,0,1,0,0,0,0,0,0,0,0
24_jpg.rf.1dac0cef81cbd8fff16f7988a2c0febd.jpg,0,0,0,0,1,0,0,0,0,0
52_jpg.rf.2a355dc6ccab6533bc596beeb4613009.jpg,0,0,0,0,1,0,0,0,0,0
103_jpg.rf.30827fb998ca11dffa78e32b676668f3.jpg,0,0,0,0,0,0,0,0,0,1
598_jpg.rf.cc7b6730668080a36d13f977439961fb.jpg,1,0,0,0,0,0,0,0,0,0
206_jpg.rf.4795edac5ce5b80b3aa2a1f9d9aa822c.jpg,0,0,0,0,0,0,0,0,1,0
696_jpg.rf.0cd5f058cb4076dc86c6548ac88fe3af.jpg,0,0,0,1,0,0,0,0,0,0
312_jpg.rf.d7d4d4b77c402e326263f66e7759de57.jpg,0,0,1,0,0,0,0,0,0,0
140_jpg.rf.ba3a39acec1c868f5c2450eaa6c2ee05.jpg,0,0,0,0,0,0,0,0,0,1
962_jpg.rf.f6742e756527d41dbe992b607dc61a4b.jpg,0,0,0,1,0,0,0,0,0,0
251_jpg.rf.01b5883e04830e3daea25834a9f62273.jpg,0,0,0,0,0,0,0,0,1,0
28_jpg.rf.0baa92d689e31f1e1b3fc3b3721c1add.jpg,0,0,0,0,1,0,0,0,0,0
643_jpg.rf.3c566def0cdae00fef564eb6d9f83836.jpg,0,0,0,1,0,0,0,0,0,0
424_jpg.rf.d4473c203d215ed76b87384a49251500.jpg,0,0,0,0,0,0,1,0,0,0
489_jpg.rf.ad918d77db0d3387f33862da01bf830b.jpg,0,0,0,0,0,0,1,0,0,0
83_jpg.rf.57c57242bac21edd6add8cdff7e13784.jpg,0,0,0,0,1,0,0,0,0,0
74_jpg.rf.21fc9c31a19a4e94b5fa4313a1f8b0ce.jpg,0,0,0,0,1,0,0,0,0,0
149_jpg.rf.1b2ac453f25e2bec83c0f4443b14f081.jpg,0,0,0,0,0,0,0,0,0,1
355_jpg.rf.5016a21bea49d847d8de85271c43b03f.jpg,0,0,1,0,0,0,0,0,0,0
374_jpg.rf.951b85019bc31875c07cf013919f7ab7.jpg,0,0,1,0,0,0,0,0,0,0
550_jpg.rf.9ec7b7d9d5a02bbfb8b44838f99d298f.jpg,1,0,0,0,0,0,0,0,0,0
21_jpg.rf.344c3f763d89b93a0d87135fec037c3c.jpg,0,0,0,0,1,0,0,0,0,0
728_jpg.rf.5698c661d2ce9479052ad7d49a13678a.jpg,0,1,0,0,0,0,0,0,0,0
125_jpg.rf.02c742665221d284667c690d79ac24dd.jpg,0,0,0,0,0,0,0,0,0,1
91_jpg.rf.f02d9d86355cff50bfb1be51cb589bb2.jpg,0,0,0,0,1,0,0,0,0,0
260_jpg.rf.c752059611089ec7fece33df38bf2ff5.jpg,0,0,0,0,0,0,0,0,1,0
595_jpg.rf.288474713ac02a18654c0948bafd4795.jpg,1,0,0,0,0,0,0,0,0,0
776_jpg.rf.772259ddb69f5bf6d0e78bf10b931623.jpg,0,1,0,0,0,0,0,0,0,0
101_jpg.rf.f9ae700d3962f3d41a0179ddeddffb89.jpg,0,0,0,0,0,0,0,0,0,1
8_jpg.rf.d0531a0efe3289e80d96d5155f5014b5.jpg,0,0,0,0,1,0,0,0,0,0
966_jpg.rf.42a9f9fb3c9be7a5ce42e16954724fc6.jpg,0,0,0,1,0,0,0,1,0,0
46_jpg.rf.11ab5237976ae9c8456a2a054e6d394a.jpg,0,0,0,0,1,0,0,0,0,0
660_jpg.rf.f21a3e2f5bcadab1ba246cf43950f863.jpg,0,0,0,1,0,0,0,0,0,0
649_jpg.rf.b4bf937853420cec18d7bd35139c9690.jpg,0,0,0,1,0,0,0,0,0,0
506_jpg.rf.3b2267ce7f993847514336b74e10e82b.jpg,1,0,0,0,0,0,0,0,0,0
811_jpg.rf.3104c5df6107d6c1e4c478daf5474f45.jpg,0,0,0,0,0,1,0,0,0,0
34_jpg.rf.cf5815e4cde2bb66221b85bfbcca1687.jpg,0,0,0,0,1,0,0,0,0,0
863_jpg.rf.b32bd6f4789eb9bb1ad0709b3a6a99d3.jpg,0,0,0,0,0,1,0,0,0,0
503_jpg.rf.b027451c3826aa517c0a0a7dccfa4e8f.jpg,1,0,0,0,0,0,0,0,0,0
846_jpg.rf.6fa2212de561880e46fb7d0c90a50bc0.jpg,0,0,0,0,0,1,0,0,0,0
499_jpg.rf.f5e18284f54ca5581253d26b6b9997d2.jpg,0,0,0,0,0,0,1,0,0,0
485_jpg.rf.a9130dd77509065f319fda57ac2b20fb.jpg,0,0,0,0,0,0,1,0,0,0
221_jpg.rf.fbce9f64fcbbf3d92c7e35ff0b204d46.jpg,0,0,0,0,0,0,0,0,1,0
469_jpg.rf.cfdee6c7dca393c07536855e0112897e.jpg,0,0,0,0,0,0,1,0,0,0
587_jpg.rf.f340837bbaacdf2098b3fce2d39c3338.jpg,1,0,0,0,0,0,0,0,0,0
589_jpg.rf.ceec2469df2f4bad3119756d79b43b01.jpg,1,0,0,0,0,0,0,0,0,0
719_jpg.rf.d3f8752aaaf5393ba80f5bef9d3db9a1.jpg,0,1,0,0,0,0,0,0,0,0
382_jpg.rf.662e0bcbe10dc571e312d48314d46cac.jpg,0,0,1,0,0,0,0,0,0,0
49_jpg.rf.627c08a9a0fa9c59e35004a6c3bd3adb.jpg,0,0,0,0,1,0,0,0,0,0
375_jpg.rf.6d6f3b0b60088efa5faa63c23f4d8e48.jpg,0,0,1,0,0,0,0,0,0,0
755_jpg.rf.da1f8f99424851a1e3047d5d71a26147.jpg,0,1,0,0,0,0,0,0,0,0
808_jpg.rf.8dee2d564c01bdf2b1ecab78080abd30.jpg,0,0,0,0,0,1,0,0,0,0
864_jpg.rf.c076ceeed4575d9bbfced78568ec7ffe.jpg,0,0,0,0,0,1,0,0,0,0
14_jpg.rf.96e35a1df77a0e65d66d74eb82355363.jpg,0,0,0,0,1,0,0,0,0,0
743_jpg.rf.b6c15b10dd04012ce87481c8b8ea6d14.jpg,0,1,0,0,0,0,0,1,0,0
334_jpg.rf.1be8df38c94c3bd64ec5cf012d705dbf.jpg,0,0,1,0,0,0,0,0,0,0
169_jpg.rf.654ba63b9ec97962170ba14c0d7df7cb.jpg,0,0,0,0,0,0,0,0,0,1
227_jpg.rf.f226c12e0e5df8b6510991678ed3c047.jpg,0,0,0,0,0,0,0,0,1,0
976_jpg.rf.b33e07bd68c2f8124639980b8f61629c.jpg,0,0,0,1,0,0,0,1,0,0
385_jpg.rf.233387b00a506a86760201ae4290b9b4.jpg,0,0,1,0,0,0,0,0,0,0
590_jpg.rf.40ac9898b22c108d7490d0a722dbb78b.jpg,1,0,0,0,0,0,0,0,0,0
612_jpg.rf.4be821a978e47e8033c8100b3fc4a070.jpg,0,0,0,1,0,0,0,0,0,0
838_jpg.rf.0e38feb7c2920de9b472923a7251474c.jpg,0,0,0,0,0,1,0,0,0,0
264_jpg.rf.0b1ccb2511621a572fc3100b3c3a7566.jpg,0,0,0,0,0,0,0,0,1,0
345_jpg.rf.99eb60d2a0feda571ad5a3be87b66656.jpg,0,0,1,0,0,0,0,0,0,0
972_jpg.rf.8e068a7eb5535d46c488240d2b18c73c.jpg,0,0,0,1,0,0,0,1,0,0
197_jpg.rf.395e04d83c1fe1718f67757f6ed1123c.jpg,0,0,0,0,0,0,0,0,0,1
281_jpg.rf.eec0730a0d2edc7056bd84797193caed.jpg,0,0,0,0,0,0,0,0,1,0
119_jpg.rf.264191fca44e7c146aa9dffd4f7810fd.jpg,0,0,0,0,0,0,0,0,0,1
129_jpg.rf.998e443643b8f9cf82ab2a6fd1fa6353.jpg,0,0,0,0,0,0,0,0,0,1
178_jpg.rf.2b47f762f3ba6ca94b46eb8a06a1bd1f.jpg,0,0,0,0,0,0,0,0,0,1
411_jpg.rf.9882e2cf1c8013dd78d90595a436c0fc.jpg,0,0,0,0,0,0,1,0,0,0
373_jpg.rf.5834c5d413b116c5516562e5fec6d456.jpg,0,0,1,0,0,0,0,0,0,0
854_jpg.rf.1a00d113b600e9cdedd7904c1ec5f058.jpg,0,0,0,0,0,1,0,0,0,0
454_jpg.rf.3dd24b401b63b314965bbc4ee0848c57.jpg,0,0,0,0,0,0,1,0,0,0
773_jpg.rf.a84c7d461ca41950c72a324ceb99e76b.jpg,0,1,0,0,0,0,0,0,0,0
729_jpg.rf.35e28704791c65f81d09a240e8fb5e0e.jpg,0,1,0,0,0,0,0,0,0,0
6_jpg.rf.6ae947a6b6a68df33e4812fdb4e772c8.jpg,0,0,0,0,1,0,0,0,0,0
401_jpg.rf.9c4f88619c0777b5c39eeb7562a475f1.jpg,0,0,0,0,0,0,1,0,0,0
430_jpg.rf.4701f4ce35ce56241144888d48dfb368.jpg,0,0,0,0,0,0,1,0,0,0
188_jpg.rf.e090b8a8e6351eadcc153e8af95e2809.jpg,0,0,0,0,0,0,0,0,0,1
625_jpg.rf.ed47c296d89e6efe5d816af3167321ee.jpg,0,0,0,1,0,0,0,0,0,0
634_jpg.rf.ebb0f5e2751d93b3e6d08e1108111109.jpg,0,0,0,1,0,0,0,0,0,0
404_jpg.rf.145067f8cd245bd64c5401b663c446c2.jpg,0,0,0,0,0,0,1,0,0,0
664_jpg.rf.080dd6d45a0c84f5e39438c1b40a16b7.jpg,0,0,0,1,0,0,0,0,0,0
703_jpg.rf.1921aeef34984a1eb1085c6892c8ac38.jpg,0,1,0,0,0,0,0,0,0,0
722_jpg.rf.c66e65027e85cd7484ce9cc5bd099861.jpg,0,1,0,0,0,0,0,0,0,0
904_jpg.rf.5c0a2f5018d2915c89f633283f95e876.jpg,0,0,0,0,0,0,0,1,0,0
319_jpg.rf.a033ad2bb077ab5bbaa318061a322a0b.jpg,0,0,1,0,0,0,0,0,0,0
395_jpg.rf.7785ff8b38f1095c885711427fc22ba5.jpg,0,0,1,0,0,0,0,0,0,0
869_jpg.rf.dd569ccf710823d08a8c7811a9fbaff2.jpg,0,0,0,0,0,1,0,0,0,0
974_jpg.rf.2cd95c29a61cdd917717284891921c98.jpg,1,0,0,0,0,0,0,1,0,0
106_jpg.rf.be067fa2455729dea5049bcde1d66658.jpg,0,0,0,0,0,0,0,0,0,1
367_jpg.rf.7e5c99bf7845a95b0ee21e0c31cdd9fe.jpg,0,0,1,0,0,0,0,0,0,0
20_jpg.rf.5dbad4a33e58d0162a0bc2a19b1e32a7.jpg,0,0,0,0,1,0,0,0,0,0
658_jpg.rf.9c2f91a9e4c99f4800f5d4d0fb88a704.jpg,0,0,0,1,0,0,0,0,0,0
611_jpg.rf.11ec8eeaa18c23b668c4b4842cd51635.jpg,0,0,0,1,0,0,0,0,0,0
568_jpg.rf.e681f76900f3784a81c2ff0f0c4fc40f.jpg,1,0,0,0,0,0,0,0,0,0
646_jpg.rf.b9b0eeae88f7109f003fd6a9487fb9aa.jpg,0,0,0,1,0,0,0,0,0,0
809_jpg.rf.f1b7e2325be5c85a4b4f9963c5e5bf83.jpg,0,0,0,0,0,1,0,0,0,0
742_jpg.rf.d8c55f1690a1ddbf4eb2e7959df2dbfe.jpg,0,1,0,0,0,0,0,0,0,0
170_jpg.rf.240ba41cfd7f2ac43ecb821ebaa6092f.jpg,0,0,0,0,0,0,0,0,0,1
678_jpg.rf.4073c4abca5d87f4a68cb875584a5425.jpg,0,0,0,1,0,0,0,0,0,0
988_jpg.rf.4f0601ce240d98f5e739b7cf1eb52f4f.jpg,0,0,0,0,0,1,0,1,0,0
233_jpg.rf.abc31ee416e90ab6cadc1b67a7ee95ba.jpg,0,0,0,0,0,0,0,0,1,0
108_jpg.rf.f5a55ab7c629fbb52608c6b630932bbf.jpg,0,0,0,0,0,0,0,0,0,1
683_jpg.rf.8ff381515d5f26e42d27971d99e75514.jpg,0,0,0,1,0,0,0,0,0,0
561_jpg.rf.dcb20e8ddecf465c75a2890b954fe08e.jpg,1,0,0,0,0,0,0,0,0,0
795_jpg.rf.5fdda6b43906fe4db1c0f2ea43abe234.jpg,0,1,0,0,0,0,0,0,0,0
918_jpg.rf.63d2144c79d8b9e7b903a56711a7bcff.jpg,0,0,0,0,0,0,0,1,0,0
182_jpg.rf.b10577af70103e10bb10f7b4dc7eb6fd.jpg,0,0,0,0,0,0,0,0,0,1
539_jpg.rf.65b6251b4acad148a61b91613f04ed2f.jpg,1,0,0,0,0,0,0,0,0,0
850_jpg.rf.8443412a5d81646c57a9f0096729b573.jpg,0,0,0,0,0,1,0,0,0,0
900_jpg.rf.6b9be39b106f83babeb5a433727e382c.jpg,0,0,0,0,0,1,0,0,0,0
583_jpg.rf.26d80759171737c092fb585003f7f3c7.jpg,1,0,0,0,0,0,0,0,0,0
320_jpg.rf.6a6bbe3aeb7287a364f189303863dcc0.jpg,0,1,1,0,0,0,0,0,0,0
335_jpg.rf.958519ef853779ecdace82cd361307c2.jpg,0,0,1,0,0,0,0,0,0,0
92_jpg.rf.2fb2e254a3fa67f0df3dd63f896ea27c.jpg,0,0,0,0,1,0,0,0,0,0
210_jpg.rf.7ea291d7a9b5d768aa5eb45c627a76a5.jpg,0,0,0,0,0,0,0,0,1,0
71_jpg.rf.ee3e017393bb911e772b463d135342f8.jpg,0,0,0,0,1,0,0,0,0,0
739_jpg.rf.d1f1fb79128d31aafd4e3812340d6858.jpg,0,1,0,0,0,0,0,0,0,0
296_jpg.rf.3b5df373487b05f93a468e912beb2f33.jpg,0,0,0,0,0,0,0,0,1,0
679_jpg.rf.0be6dbe6be5e0998893ddb27418776ef.jpg,0,0,0,1,0,0,0,0,0,0
175_jpg.rf.d8251531cf2c48376a0d3290b99af9a3.jpg,0,0,0,0,0,0,0,0,0,1
31_jpg.rf.8aed6b8c8a40ed3e2144a5c80a8fffdf.jpg,0,0,0,0,1,0,0,0,0,0
616_jpg.rf.30846286d51f4cb9ba2f46f195ec87a1.jpg,0,0,0,1,0,0,0,0,0,0
804_jpg.rf.c1c0d2b88adb814f089652cfe4943288.jpg,0,0,0,0,0,1,0,0,0,0
576_jpg.rf.09a6ced831c304ac6a436594599192cb.jpg,1,0,0,0,0,0,0,0,0,0
551_jpg.rf.22ea57e6eaa911b3a3877563dfc1d71f.jpg,1,0,0,0,0,0,0,0,0,0
315_jpg.rf.f48005b5dc77e4b4ea3a2734ead55f52.jpg,0,0,1,0,0,0,0,0,0,0
442_jpg.rf.016e3377c13977778785e770285075fb.jpg,0,0,0,0,0,0,1,0,0,0
426_jpg.rf.8d30c0f636dd8556a1349cb0193a06aa.jpg,0,0,0,0,0,0,1,0,0,0
712_jpg.rf.a7bdf2a4d3aa9ca1cfe7309450c60f47.jpg,0,1,0,0,0,0,0,0,0,0
915_jpg.rf.68514a13c58f290f8d195a9070787eec.jpg,0,0,0,0,0,0,0,1,0,0
588_jpg.rf.264ec371205324da1fc3c64860d9097f.jpg,1,0,0,0,0,0,0,0,0,0
597_jpg.rf.0c621173e5bfa0f175b2c654689cb26b.jpg,1,0,0,0,0,0,0,0,0,0
566_jpg.rf.aeee6f7f22a24d87e859ca8580befdc3.jpg,1,0,0,0,0,0,0,0,0,0
219_jpg.rf.f9b650792ecbcc1eb92d893fccc54fe8.jpg,0,0,0,0,0,0,0,0,1,0
603_jpg.rf.f1d0e03e1aace6095c240fdb6575d26b.jpg,0,0,0,1,0,0,0,0,0,0
37_jpg.rf.9525db28db0a90fbe270e1c6faadb41b.jpg,0,0,0,0,1,0,0,0,0,0
841_jpg.rf.21fd8f12d00fdb48dd1f2a4f1eb307d9.jpg,0,0,0,0,0,1,0,0,0,0
467_jpg.rf.6186c4b6800420afdfd19f57dc20b52b.jpg,0,0,0,0,0,0,1,1,0,0
665_jpg.rf.05432c4b0a9a6a4ae0015769ad4f86e1.jpg,0,0,0,1,0,0,0,0,0,0
455_jpg.rf.79e325c010a5391311ea78b478649e2c.jpg,0,0,0,0,0,0,1,0,0,0
359_jpg.rf.7483fb81e775969e3fcda8c1e10fa628.jpg,0,0,1,0,0,0,0,1,0,0
447_jpg.rf.5b76253a60f62d8b1183431befbc3dca.jpg,0,0,0,0,0,0,1,0,0,0
734_jpg.rf.b08e23c7bc249cb4fefc9d1b425fb5ab.jpg,0,1,0,0,0,0,0,0,0,0
505_jpg.rf.010064b43dd1456d01e83e722ce48fbf.jpg,1,0,0,0,0,0,0,0,0,0
407_jpg.rf.1fd86890222e381e16a57f9be5dc9406.jpg,0,0,0,0,0,0,1,0,0,0
126_jpg.rf.69ef3186be22c0a6e22761f0a94e5f17.jpg,0,0,0,0,0,0,0,0,0,1
257_jpg.rf.d5f4c4766968c56d43a20800b15dea0e.jpg,0,0,0,0,0,0,0,0,1,0
389_jpg.rf.57082844560f18de64334c350aecb900.jpg,0,0,1,0,0,0,0,0,0,0
267_jpg.rf.2958e8e3c000b203a93bef783372e604.jpg,0,0,0,0,0,0,0,0,1,0
677_jpg.rf.bdef330447605caf25868b87a74fe02a.jpg,0,0,0,1,0,0,0,0,0,0
286_jpg.rf.57afcc6c7636f6fa7c32efb65cb4ff08.jpg,0,0,0,0,0,0,0,0,1,0
736_jpg.rf.b1047a16a7632f2d83e15e0c5339123f.jpg,0,1,0,0,0,0,0,0,0,0
876_jpg.rf.0f9587ecc1c50d34b454c2beeadbefcb.jpg,0,0,0,0,0,1,0,0,0,0
852_jpg.rf.f829611a7c3d0b448d9af2d764becf3c.jpg,0,0,0,0,0,1,0,0,0,0
714_jpg.rf.b7882ac95c383775d3aad699c3b9c981.jpg,0,1,0,0,0,0,0,0,0,0
3_jpg.rf.0c1021e8739fc04a0e28378ea995c76b.jpg,0,0,0,0,1,0,0,0,0,0
41_jpg.rf.c8b03a9ba96c3ac9d09cc385477eb39e.jpg,0,0,0,0,1,0,0,0,0,0
69_jpg.rf.d7916c7b8e9a88ab7161621fb8470666.jpg,0,0,0,0,1,0,0,0,0,0
635_jpg.rf.6c992c10cee29d0abda7e651d78e7761.jpg,0,0,0,1,0,0,0,0,0,0
172_jpg.rf.78d4d3f3386786889cc788882c7ec900.jpg,0,0,0,0,0,0,0,0,0,1
459_jpg.rf.b5a055896d6afb0ed731f0d3d8109c69.jpg,0,0,0,0,0,0,1,0,0,0
642_jpg.rf.2555af7361d7b0a5d62bc63f09bd6461.jpg,0,0,0,1,0,0,0,0,0,0
217_jpg.rf.a2d3df6a375aa6dd49e4b3b9988bd76e.jpg,0,0,0,0,0,0,0,0,1,0
839_jpg.rf.48f7f4b3dd09a18588301877c37c5322.jpg,0,0,0,0,0,1,0,0,0,0
352_jpg.rf.a746aa6d93150a62768a3c4ca2b487f3.jpg,0,0,1,0,0,0,0,0,0,0
283_jpg.rf.1214f96dced5bb1673fa61418240cd07.jpg,0,0,0,0,0,0,0,0,1,0
212_jpg.rf.73a4e845e96caab758e7e4355d74077b.jpg,0,0,0,0,0,0,0,0,1,0
446_jpg.rf.6d1e431c338d8614b899247ec1fa1316.jpg,0,0,0,0,0,0,1,0,0,0
789_jpg.rf.d487c6ab5c4abcda74cbec36a75961b2.jpg,0,1,0,0,0,0,0,0,0,0
189_jpg.rf.0644a3b46e89282bf3e87786238087d7.jpg,0,0,0,0,0,0,0,0,0,1
416_jpg.rf.1947695c9629687e958bbc9dae155e32.jpg,0,0,0,0,0,0,1,0,0,0
908_jpg.rf.77356ba2f3ea0d5c67a28d10bbe35262.jpg,0,0,0,0,0,0,0,1,0,0
944_jpg.rf.ea5c12dc641040e4d7282ac491965e8a.jpg,0,0,0,0,0,0,0,1,0,0
573_jpg.rf.1f0973280213b6f857a858ca3cce813c.jpg,1,0,0,0,0,0,0,0,0,0
494_jpg.rf.991f9a7d1757becd137ebc9a57bc6b1d.jpg,0,0,0,0,0,0,1,0,0,0
990_jpg.rf.0b9cd79fcc7dee02ed7743f8a214d016.jpg,0,0,0,0,0,1,0,1,0,0
632_jpg.rf.66ff618752dec4f1eac8245d24aaf2ea.jpg,0,0,0,1,0,0,0,0,0,0
738_jpg.rf.b8d0945223074881bc6a4969ae9faef5.jpg,0,1,0,0,0,0,0,0,0,0
191_jpg.rf.8f4b91d2bf8c8725b991b8b95e645970.jpg,0,0,0,0,0,0,0,0,0,1
692_jpg.rf.03307b70efce3c3284f634390d466e8e.jpg,0,0,0,1,0,0,0,0,0,0
105_jpg.rf.2e7fda0fa24e4f9d7b1656510495ee13.jpg,0,0,0,0,0,0,0,0,0,1
824_jpg.rf.499badd64a4e2673c9e8ddfadc4e4a98.jpg,0,0,0,0,0,1,0,0,0,0
657_jpg.rf.73cc58aa048b621189d30194f3a5fbb8.jpg,0,0,0,1,0,0,0,0,0,0
907_jpg.rf.9dc535196277ed2323f8472906a8f4aa.jpg,0,0,0,0,0,0,0,1,0,0
949_jpg.rf.5332157d340124e94f1dba3422a40e81.jpg,0,0,0,0,0,0,0,1,0,0
195_jpg.rf.151e9d28d8252ae9c35b25e8649fd56c.jpg,0,0,0,0,0,0,0,0,0,1
451_jpg.rf.8a3ff953e9f67556a5401ec2ff4c3969.jpg,0,0,0,0,0,0,1,0,0,0
653_jpg.rf.9dee808b53114daf95fe17739310da36.jpg,0,0,0,1,0,0,0,0,0,0
913_jpg.rf.d1a566434c39bc87375d25dc581a6cf1.jpg,0,0,0,0,0,0,0,1,0,0
935_jpg.rf.67d0f749f657888fe2a91c5ce3650f41.jpg,0,0,0,0,0,0,0,1,0,0
436_jpg.rf.a86485d2eafd576889987a65e8fb1838.jpg,0,0,0,0,0,0,1,0,0,0
867_jpg.rf.16da3771824ca2bf730cd47ac35442de.jpg,0,0,0,0,0,1,0,0,0,0
174_jpg.rf.86772181ca36d814d71a670d59ac4dde.jpg,0,0,0,0,0,0,0,0,0,1
386_jpg.rf.88e4492c635d05830fb248132c3b0845.jpg,0,0,1,0,0,0,0,0,0,0
362_jpg.rf.60324ade8f1648f60f02bbd71239f0e1.jpg,0,0,1,0,0,0,0,0,0,0
311_jpg.rf.b32f544fba94bde9fe2fac9f515efea0.jpg,0,0,1,0,0,0,0,0,0,0
369_jpg.rf.f52516709c176f148b019db6143b75b0.jpg,0,0,1,0,0,0,0,0,0,0
543_jpg.rf.0492ae1c367c1b389054b484fd473661.jpg,1,0,0,0,0,0,0,0,0,0
731_jpg.rf.43ffcf6df5d2a68d824132dd0f013245.jpg,0,1,0,0,0,0,0,0,0,0
220_jpg.rf.61dc54e6c1457e95d54d61fdc8b1bab0.jpg,0,0,0,0,0,0,0,0,1,0
343_jpg.rf.69618e4c91519a300fc1c6058217696b.jpg,0,0,1,0,0,0,0,0,0,0
542_jpg.rf.17f7370e2e4a4550397383594512c3bb.jpg,1,0,0,0,0,0,0,0,0,0
608_jpg.rf.f7e88a2ef1c5133ea65db84c948f1fec.jpg,0,0,0,1,0,0,0,0,0,0
155_jpg.rf.feb9b2043ba0a918323c8319d43096ae.jpg,0,0,0,0,0,0,0,0,0,1
934_jpg.rf.8efc0641401aef3613587a846de4ab8d.jpg,0,0,0,0,0,0,0,1,0,0
693_jpg.rf.24d3f1a125824d57159bb6c18d706455.jpg,0,0,0,1,0,0,0,0,0,0
4_jpg.rf.4dc619d461101ff8db00474214ab1474.jpg,0,0,0,0,1,0,0,0,0,0
807_jpg.rf.8334acb7d426e4942cbb6eb218039341.jpg,0,0,0,0,0,1,0,0,0,0
700_jpg.rf.d8db8a9f9c4033f360a01664e5251131.jpg,0,0,0,1,0,0,0,0,0,0
680_jpg.rf.89eaecb8efe0cc66c7e2aa33800101f5.jpg,0,0,0,1,0,0,0,0,0,0
181_jpg.rf.c21a9b4ffc1903fd3e8196185eded48d.jpg,0,0,0,0,0,0,0,0,0,1
767_jpg.rf.e5b8ef7c6a6592ee31286deb213299fa.jpg,0,1,0,0,0,0,0,0,0,0
262_jpg.rf.974b1b896b70e2f570b65327593d24b6.jpg,0,0,0,0,0,0,0,0,1,0
306_jpg.rf.6282e1143076b532195c8b51351808c3.jpg,0,0,1,0,0,0,0,0,0,0
937_jpg.rf.7e86ba80af09dd9c2856e999b224c3fd.jpg,0,0,0,0,0,0,0,1,0,0
207_jpg.rf.d2eead56b59796cbce219ad20598dc65.jpg,0,0,0,0,0,0,0,0,1,0
622_jpg.rf.aa33d52f5cf3f61e6f7a93d445ac1d19.jpg,0,0,0,1,0,0,0,0,0,0
65_jpg.rf.ccad3f72e4ba13a366ab000b94055c3e.jpg,0,0,0,0,1,0,0,0,0,0
466_jpg.rf.f1818d71761077c15c9ac8486ef4ae59.jpg,0,0,0,0,0,0,1,0,0,0
242_jpg.rf.3baccb3033a615121f006da024e376e8.jpg,0,0,0,0,0,0,0,0,1,0
751_jpg.rf.d176fbc58d298a73dc3400f5d46e252c.jpg,0,1,0,0,0,0,0,0,0,0
663_jpg.rf.780f648823bd24e010ba51b3a0b8a788.jpg,0,0,0,1,0,0,0,0,0,0
381_jpg.rf.9b3180e8382d9028429ced0e3c0840db.jpg,0,0,1,0,0,0,0,0,0,0
2_jpg.rf.d58fc8c21cadc6a7e0bb3610a9968e1b.jpg,0,0,0,0,1,0,0,0,0,0
787_jpg.rf.a9eff79b1b3f96641216aec0d161b422.jpg,0,1,0,0,0,0,0,1,0,0
815_jpg.rf.7cdb1a03d6e7b03b587be30afa52f6cf.jpg,0,0,0,0,0,1,0,0,0,0
399_jpg.rf.027073143f242b526237aebd758eefa1.jpg,0,0,1,0,0,0,0,0,0,0
727_jpg.rf.34f7d6f774bd2994b1bf3ffea4d5b160.jpg,0,1,0,0,0,0,0,0,0,0
495_jpg.rf.5413e4cd8bb2e90f94ba838b76daa392.jpg,0,0,0,0,0,0,1,0,0,0
422_jpg.rf.c48b2b78f95ebb26435376ac9fbce770.jpg,0,0,0,0,0,0,1,1,0,0
289_jpg.rf.aff36895595362e57a0507dcb674c021.jpg,0,0,0,0,0,0,0,0,1,0
54_jpg.rf.a2e9ca5aabbed442b4d82d730a3c231e.jpg,0,0,0,0,1,0,0,0,0,0
527_jpg.rf.e66a1d3c3d14baf64f1c1c1af27229ca.jpg,1,0,0,0,0,0,0,0,0,0
18_jpg.rf.5a45911e2bfd85ceb207df91218c14fe.jpg,0,0,0,0,1,0,0,0,0,0
688_jpg.rf.f887c2632fc96ac249b8872d107aa1a6.jpg,0,0,0,1,0,0,0,0,0,0
651_jpg.rf.c399666e11618af149de123d96d2a88e.jpg,0,0,0,1,0,0,0,0,0,0
637_jpg.rf.47cbadb52ae99ed4179124439b52ffc9.jpg,0,0,0,1,0,0,0,0,0,0
1001_cat001_jpg.rf.2a6a77d876badc15f160b11cc35db887.jpg,1,0,0,0,0,0,0,0,0,0
1002_cat002_jpg.rf.76250745ff25b94803a522f7d1a18a5d.jpg,1,0,0,0,0,0,0,0,0,0
1003_cat003_jpg.rf.a2d61f1f73d99899f70bcc8ac3a942f0.jpg,1,0,0,0,0,0,0,0,0,0
1004_cat004_jpg.rf.f80458ab668c6a2cd9e7720fbe3fe2a3.jpg,1,0,0,0,0,0,0,0,0,0
1005_cat005_jpg.rf.68ff41cbbab744e69d92a92d02275c13.jpg,1,0,0,0,0,0,0,0,0,0
1006_cat007_jpg.rf.39c95a276c4fde50ef845a2938943510.jpg,1,0,0,0,0,0,0,0,0,0
1007_cat009_jpg.rf.b3a4277a5034cbf45c9d30bece253213.jpg,1,0,0,0,0,0,0,0,0,0
1008_cat012_jpeg.rf.9437546734041ac784a7e3f7febd4c2e.jpg,1,0,0,0,0,0,0,0,0,0
1009_cat013_jpeg.rf.d53b609c1acdfc2e33a724b3e20d69a7.jpg,1,0,0,0,0,0,0,0,0,0
1010_cat015_jpeg.rf.b73d6844e23e42b646bc40f5bd7aa03f.jpg,1,0,0,0,0,0,0,0,0,0
1011_cat016_jpeg.rf.53aa3cb806877124d5eed98812874b17.jpg,1,0,0,0,0,0,0,0,0,0
1012_cat017_jpeg.rf.c58108c942f9c76ce99153e216d1afff.jpg,1,0,0,0,0,0,0,0,0,0
1013_cat018_jpeg.rf.bdc7e93d1a76a107f4b16ee223fb7018.jpg,1,0,0,0,0,0,0,0,0,0
1014_cat019_jpeg.rf.00568bce8282457dfb3b226023b8fd2d.jpg,1,0,0,0,0,0,0,0,0,0
1015_cat021_jpeg.rf.6f6321a9c608b2f80b711d2bb687e973.jpg,1,0,0,0,0,0,0,0,0,0
1016_cat022_jpeg.rf.06ff9032d3c1a1265bfad7c402cd5a30.jpg,1,0,0,0,0,0,0,0,0,0
1017_cat024_jpg.rf.52c91866a1897d22422bab82c4e00fdc.jpg,1,0,0,0,0,0,0,0,0,0
1018_cat025_jpg.rf.269170e8a030d88da109aed2f4729923.jpg,1,0,0,0,0,0,0,0,0,0
1019_cat026_jpg.rf.e83f167f7a4b2e69392003f46ab20737.jpg,1,0,0,0,0,0,0,0,0,0
1020_cat028_jpg.rf.4ef96220a7355ef0eddf3721403495df.jpg,1,0,0,0,0,0,0,0,0,0
1021_cat030_jpg.rf.9514e57b31685d26cbe0babf00eabf92.jpg,1,0,0,0,0,0,0,0,0,0
1022_cat031_jpg.rf.96a718648ebb49e896bf71f34b15bdf8.jpg,1,0,0,0,0,0,0,0,0,0
1023_cat032_jpg.rf.e46bae7001977b3fa166554f2ef96e1d.jpg,1,0,0,0,0,0,0,0,0,0
1024_cat033_jpg.rf.769f6db623e93b11f2255eba9007aa58.jpg,1,0,0,0,0,0,0,0,0,0
1025_cat034_jpg.rf.b5ca12f12ab53369f0ef5ad75c05b3fe.jpg,1,0,0,0,0,0,0,0,0,0
1026_cat035_jpg.rf.db96fd639cbd2bf49cb22ded78aad2ae.jpg,1,0,0,0,0,0,0,0,0,0
1027_cat036_jpg.rf.a7170b99e7515a321d85e3536f08051e.jpg,1,0,0,0,0,0,0,0,0,0
1028_cat038_jpg.rf.b9e5cecb77562cbb677ee1f5e4847138.jpg,1,0,0,0,0,0,0,0,0,0
1029_cat039_jpg.rf.b15e92d25d61aff95ab64ca53c072383.jpg,1,0,0,0,0,0,0,0,0,0
1030_cat040_jpg.rf.40f6c14be60d28031f410adcb7577507.jpg,1,0,0,0,0,0,0,0,0,0
1031_cat041_jpg.rf.9c36e56d207edc33f1e5be070eaae8c4.jpg,1,0,0,0,0,0,0,0,0,0
1032_cat042_jpg.rf.0fe4c48c5ca891598b37aa87299610ab.jpg,1,0,0,0,0,0,0,0,0,0
1033_cat045_jpg.rf.2c1aa98b06bf42b23c821a2c88b5f0a8.jpg,1,0,0,0,0,0,0,0,0,0
1034_cat046_jpg.rf.6b089392c58d4f56c11a0c097c5a5f19.jpg,1,0,0,0,0,0,0,0,0,0
1035_cat047_jpg.rf.d93d52906ab7eb844919b060a2c7ac12.jpg,1,0,0,0,0,0,0,0,0,0
1036_cat051_jpg.rf.82842626cf4939f9275d54ce21d2aa37.jpg,1,0,0,0,0,0,0,0,0,0
1037_cat052_jpg.rf.404d3d14e1495d50ba8e7f616126412b.jpg,1,0,0,0,0,0,0,0,0,0
1038_cat054_jpg.rf.fc2218723a11429d42d154d194deab67.jpg,1,0,0,0,0,0,0,0,0,0
1039_cat055_jpg.rf.9468706b981b48e2951b17f819fa3460.jpg,1,0,0,0,0,0,0,0,0,0
1040_cat056_jpg.rf.bbcf64485c1066a140b7f96b46c8a48f.jpg,1,0,0,0,0,0,0,0,0,0
1041_cat057_jpg.rf.eb432d6de5b7647dae61adb9dae1211b.jpg,1,0,0,0,0,0,0,0,0,0
1042_cat058_jpg.rf.5233d01647359e9ab865726c0f6309af.jpg,1,0,0,0,0,0,0,0,0,0
1043_cat059_jpg.rf.39e56041855cfbf1664455e2728d46f0.jpg,1,0,0,0,0,0,0,0,0,0
1044_cat060_jpg.rf.97cf1e48a74a6e494ad2984e7b78591d.jpg,1,0,0,0,0,0,0,0,0,0
1045_cat062_jpg.rf.73cf279fa62033d55c18fa600f798d11.jpg,1,0,0,0,0,0,0,0,0,0
1046_cat063_jpg.rf.0a2323ee3332f5fe9d16cd4e31221088.jpg,1,0,0,0,0,0,0,0,0,0
1047_cat064_jpg.rf.ab62d6df56ba3251b74b19f154694911.jpg,1,0,0,0,0,0,0,0,0,0
1048_cat066_jpg.rf.0de395e25f8d7e56d5924cac1f229bd3.jpg,1,0,0,0,0,0,0,0,0,0
1049_cat067_jpg.rf.6e46b2a65fc580fa814b14b537fd4b92.jpg,1,0,0,0,0,0,0,0,0,0
1050_cat069_jpg.rf.c9b56a550833ad0cac35b08d38ecd218.jpg,1,0,0,0,0,0,0,0,0,0
1051_cat070_jpg.rf.bc62b409513361ff1cd6af8814b4928d.jpg,1,0,0,0,0,0,0,0,0,0
1052_cat071_jpg.rf.811db5974f015c512fddf916377c1692.jpg,1,0,0,0,0,0,0,0,0,0
1053_cat072_jpg.rf.29484fb0cdc47d20c537e040cb2277b2.jpg,1,0,0,0,0,0,0,0,0,0
1054_cat073_jpg.rf.dbc69d0626f8de2c7f4d917d7d260e5b.jpg,1,0,0,0,0,0,0,0,0,0
1055_cat074_jpg.rf.45bbbf691481f75b3837a8a990d185ad.jpg,1,0,0,0,0,0,0,0,0,0
1056_cat075_jpg.rf.1229fa0b30e698e557c1677e7ab76ae8.jpg,1,0,0,0,0,0,0,0,0,0
1057_cat076_jpg.rf.48d0d30b653ab0b21d495328d6d45bf3.jpg,1,0,0,0,0,0,0,0,0,0
1058_cat078_jpg.rf.1d065f850e050d664992a41dcdfb7a24.jpg,1,0,0,0,0,0,0,0,0,0
1059_cat079_jpg.rf.1e74997ca2e8a9d4e0167bddf194fc87.jpg,1,0,0,0,0,0,0,0,0,0
1060_cat080_jpg.rf.e497e2e564f5327974db0d70c4cd6944.jpg,1,0,0,0,0,0,0,0,0,0
1061_cat081_jpg.rf.9ed77ac6b57c19a2a43e777d2a9cf6aa.jpg,1,0,0,0,0,0,0,0,0,0
1062_cat082_jpg.rf.53c9afc1cc37615100c841f18c07bfd7.jpg,1,0,0,0,0,0,0,0,0,0
1063_cat083_jpg.rf.d04041db997858f8aa4ebc4d73b8c22d.jpg,1,0,0,0,0,0,0,0,0,0
1064_cat085_jpg.rf.4a6734e00eae68b082ec6c6e98d8e350.jpg,1,0,0,0,0,0,0,0,0,0
1065_cat087_jpg.rf.2bb6c5d1020cb75a3b8790f49c97fc3c.jpg,1,0,0,0,0,0,0,0,0,0
1066_cat088_jpg.rf.a8882fa3382d40970dafe71adf9271b4.jpg,1,0,0,0,0,0,0,0,0,0
1067_cat089_jpg.rf.e9e1dadaae5116352399148049e7cd6b.jpg,1,0,0,0,0,0,0,0,0,0
1068_cat091_jpg.rf.88283fca7c70d7f31267da58c250e119.jpg,1,0,0,0,0,0,0,0,0,0
1069_cat092_jpg.rf.ac7ea2598987c44d42bb16772f746fe6.jpg,1,0,0,0,0,0,0,0,0,0
1070_cat093_jpg.rf.2ddd8ad81553ade201d7ebddf0a10953.jpg,1,0,0,0,0,0,0,0,0,0
1071_cat094_jpg.rf.1097ec49e0feb6a61253de8753a88a1a.jpg,1,0,0,0,0,0,0,0,0,0
1072_cat096_jpg.rf.0be0c29b807d97c7be4443a5a54507aa.jpg,1,0,0,0,0,0,0,0,0,0
1073_cat098_jpg.rf.e7d5de38d306091eb6b20ab39d186b5c.jpg,1,0,0,0,0,0,0,0,0,0
1074_cat099_jpg.rf.cefb798114cacb4ba6156d4f7d2de6d3.jpg,1,0,0,0,0,0,0,0,0,0
1075_cat100_jpg.rf.31c7f983261510743a9bc08d27131be0.jpg,1,0,0,0,0,0,0,0,0,0
1076_cat101_jpg.rf.01c5fb05d29b5dea1574785e294e8656.jpg,1,0,0,0,0,0,0,0,0,0
1077_cat102_jpg.rf.693856245853c7460b9dd3b676da59f8.jpg,1,0,0,0,0,0,0,0,0,0
1078_dog001_jpeg.rf.f1e400d87cf6e8d2d3bed6f74ad07fb0.jpg,0,0,0,1,0,0,0,0,0,0
1079_dog002_jpeg.rf.25215ce9477f87dc5f01f9b77f2fd648.jpg,0,0,0,1,0,0,0,0,0,0
1080_dog003_jpeg.rf.f2eb01cba6e1f1d98a4f535d9b6fd9b7.jpg,0,0,0,1,0,0,0,0,0,0
1081_dog004_jpeg.rf.ce1eb9fcef12ebcdc3741b410cbe9ad7.jpg,0,0,0,1,0,0,0,0,0,0
1082_dog005_jpeg.rf.23eae7dc61327e8b747cb9dfae15d730.jpg,0,0,0,1,0,0,0,0,0,0
1083_dog007_jpeg.rf.41ef3f3e3861321f926f0be439e0811b.jpg,0,0,0,1,0,0,0,0,0,0
1084_dog008_jpeg.rf.f5f43acfc376c01961f27c561a9b5295.jpg,0,0,0,1,0,0,0,0,0,0
1085_dog009_jpeg.rf.c11a8296590a12ec2a8af9d7510ef840.jpg,0,0,0,1,0,0,0,0,0,0
1086_dog010_jpeg.rf.cfb0e9656e398d3dbbc4ba16aaf7a16e.jpg,0,0,0,1,0,0,0,0,0,0
1087_dog012_jpeg.rf.71dcde7747e98816c068d1005bdc6bc1.jpg,0,0,0,1,0,0,0,0,0,0
1088_dog014_jpg.rf.c1ca79cb117e26ffbf5ebbc38c9c4010.jpg,0,0,0,1,0,0,0,0,0,0
1089_dog016_jpg.rf.578cdf4a99973e8e03cb4b3da385003e.jpg,0,0,0,1,0,0,0,0,0,0
1090_dog019_jpg.rf.0042ba99790bccf32dd0c3b5c8294e63.jpg,0,0,0,1,0,0,0,0,0,0
1091_dog021_jpg.rf.dc16511873512d6efffcf0f21be0d88f.jpg,0,0,0,1,0,0,0,0,0,0
1092_dog022_jpg.rf.1304d7b240c28ff913644bca1e525922.jpg,0,0,0,1,0,0,0,0,0,0
1093_dog024_jpg.rf.73ba5824f6524b0a8687432d5b1c65e1.jpg,0,0,0,1,0,0,0,0,0,0
1094_dog027_jpg.rf.c929518fc70a1cdc471382c278d92c94.jpg,0,0,0,1,0,0,0,0,0,0
1095_dog028_jpg.rf.ea80fc3823d269e0308d7806d3bb8cdb.jpg,0,0,0,1,0,0,0,0,0,0
1096_dog029_jpg.rf.de328bb9fc692189853f2d2a42c59387.jpg,0,0,0,1,0,0,0,0,0,0
1097_dog030_jpg.rf.9337d806b39c49bd8e17ecc55b1e6a99.jpg,0,0,0,1,0,0,0,0,0,0
1098_dog031_jpg.rf.74a953863c29dcbf86c7c0d06d856e00.jpg,0,0,0,1,0,0,0,0,0,0
1099_dog032_jpg.rf.577a8be77f8cb268779e5ae2e691e96d.jpg,0,0,0,1,0,0,0,0,0,0
1100_dog033_jpg.rf.599065446d25a50eb5854d7c2154e8d4.jpg,0,0,0,1,0,0,0,0,0,0
1101_dog035_jpg.rf.bf8b2598edc7818d32f8ac660d268942.jpg,0,0,0,1,0,0,0,0,0,0
1102_dog036_jpg.rf.78cc05b276e541baedbe3a80a6486d7a.jpg,0,0,0,1,0,0,0,0,0,0
1103_dog037_jpg.rf.453ab7bfb19b3e3d4572d5379b9ba526.jpg,0,0,0,1,0,0,0,0,0,0
1104_dog038_jpg.rf.10df57d4a528b1eb62f25cad236f869c.jpg,0,0,0,1,0,0,0,0,0,0
1105_dog040_jpg.rf.419d6db5516f4fffb084905e33f8b0c5.jpg,0,0,0,1,0,0,0,0,0,0
1106_dog042_jpg.rf.071169b7aad8c14e2e0517541d754d22.jpg,0,0,0,1,0,0,0,0,0,0
1107_dog045_jpg.rf.b6e70b4acc462194e199ac9aea0d2b63.jpg,0,0,0,1,0,0,0,0,0,0
1108_dog046_jpg.rf.5c4feac22e23b89de42e11b6a6a5e471.jpg,0,0,0,1,0,0,0,0,0,0
1109_dog048_jpg.rf.0aadd534dc0bd8f4d84dc07284375aca.jpg,0,0,0,1,0,0,0,0,0,0
1110_dog049_jpg.rf.9b9e7deb8da117816fbc2f25e0548a60.jpg,0,0,0,1,0,0,0,0,0,0
1111_dog050_jpg.rf.e618a81ea36237407259c74215789679.jpg,0,0,0,1,0,0,0,0,0,0
1112_dog052_jpg.rf.ab1d81465d7978878fafd9056feb96c9.jpg,0,0,0,1,0,0,0,0,0,0
1113_dog053_jpg.rf.6cbf9b9a06791619a0bbc01625321788.jpg,0,0,0,1,0,0,0,0,0,0
1114_dog055_jpg.rf.58489bb5c1cc54cf65d4b2c26fdb5326.jpg,0,0,0,1,0,0,0,0,0,0
1115_dog057_jpg.rf.af662219ba7ecbc033200f31442665ed.jpg,0,0,0,1,0,0,0,0,0,0
1116_dog058_jpg.rf.276b0c235f3a2cee239e6d2c0be06c9c.jpg,0,0,0,1,0,0,0,0,0,0
1117_dog059_jpg.rf.a723c1886e0311e0b468e049c091e16e.jpg,0,0,0,1,0,0,0,0,0,0
1118_dog061_jpg.rf.fddc239c3fe39358f4ff80a0fcb722b3.jpg,0,0,0,1,0,0,0,0,0,0
1119_dog062_jpg.rf.a78a09dee5089330fdec1991b754e37e.jpg,0,0,0,1,0,0,0,0,0,0
1120_dog063_jpg.rf.e46c955aae8caf94333cafd6d10ca2cb.jpg,0,0,0,1,0,0,0,0,0,0
1121_dog064_jpg.rf.7e2b42b1fa78e519103803d20a438321.jpg,0,0,0,1,0,0,0,0,0,0
1122_dog065_jpg.rf.5e46b64764f5bb57b4bd9531a79fa303.jpg,0,0,0,1,0,0,0,0,0,0
1123_dog066_jpg.rf.05460f85b0b98a7534008b0b5d890b55.jpg,0,0,0,1,0,0,0,0,0,0
1124_dog067_jpg.rf.0df3bbb77ac08e79d517f8fa21639cca.jpg,0,0,0,1,0,0,0,0,0,0
1125_dog069_jpg.rf.f4b948c743953d76546c950f04dff826.jpg,0,0,0,1,0,0,0,0,0,0
1126_dog070_jpg.rf.6d4add92a36bedb213c9b8ed66231be7.jpg,0,0,0,1,0,0,0,0,0,0
1127_dog071_jpg.rf.28b19e9a3577df5a973ca2baad600767.jpg,0,0,0,1,0,0,0,0,0,0
1128_dog072_jpg.rf.6e0b888f796f6a750d8f91f11aa0e10e.jpg,0,0,0,1,0,0,0,0,0,0
1129_dog074_jpg.rf.3f094bdef8d6e773b040615c6948d716.jpg,0,0,0,1,0,0,0,0,0,0
1130_dog075_jpg.rf.532fd142fabd937183c551d1c6abd508.jpg,0,0,0,1,0,0,0,0,0,0
1131_dog076_jpg.rf.27469680e89e517ac392b5c3ad7c1413.jpg,0,0,0,1,0,0,0,0,0,0
1132_dog077_jpg.rf.6f99bd14eb1a9711128a03dec46aeb94.jpg,0,0,0,1,0,0,0,0,0,0
1133_dog079_jpg.rf.b9104a6f9a669407e495211df69cab30.jpg,0,0,0,1,0,0,0,0,0,0
1134_dog080_jpg.rf.e892f77f9cf111b233c91de758cfd104.jpg,0,0,0,1,0,0,0,0,0,0
1135_dog081_jpg.rf.eeae701522085e6836b2a0d4f71f0387.jpg,0,0,0,1,0,0,0,0,0,0
1136_dog082_jpg.rf.0cf69808c9ca1514c37368b2e41dcc77.jpg,0,0,0,1,0,0,0,0,0,0
1137_dog083_jpg.rf.1f57c91b66dde42bb23ba34f6382a1da.jpg,0,0,0,1,0,0,0,0,0,0
1138_dog085_jpg.rf.230e344501f49508ec92d1d6a2b0cdc9.jpg,0,0,0,1,0,0,0,0,0,0
1139_dog087_jpg.rf.9ec89a3e9e1effbea84b1f66455c55ef.jpg,0,0,0,1,0,0,0,0,0,0
1140_dog089_jpg.rf.47b45664ce4347f0d5f90e63ad46aef6.jpg,0,0,0,1,0,0,0,0,0,0
1141_dog090_jpg.rf.5731c1e7bcfa83c3a8f401360f23054f.jpg,0,0,0,1,0,0,0,0,0,0
1142_dog091_jpg.rf.f8dfc7ba425292f11b7b76580a13c599.jpg,0,0,0,1,0,0,0,0,0,0
1143_dog092_jpg.rf.764589881ce29925b5c62cca16a2fd5f.jpg,0,0,0,1,0,0,0,0,0,0
1144_dog095_jpg.rf.dd7331e7ff72e3b3ef04717bc3c7968c.jpg,0,0,0,1,0,0,0,0,0,0
1145_dog096_jpg.rf.8ec5d181c6529b4f6a1be8b68300bc22.jpg,0,0,0,1,0,0,0,0,0,0
1146_dog097_jpg.rf.bb209298de7aafaec77667bf3400747c.jpg,0,0,0,1,0,0,0,0,0,0
1147_dog098_jpg.rf.a96df0100c9cfe5cb7c189ebd3a99a16.jpg,0,0,0,1,0,0,0,0,0,0
1148_dog099_jpg.rf.ac98bd1e0ca0ef6472dede86217b5aec.jpg,0,0,0,1,0,0,0,0,0,0
1149_dog100_jpg.rf.785d7203780ff109a8087e0a1bca3068.jpg,0,0,0,1,0,0,0,0,0,0
1150_dog102_jpg.rf.e02ff477d4b8a345366b649a8695ae31.jpg,0,0,0,1,0,0,0,0,0,0
1151_dog103_jpg.rf.bd5da989a428a034aa3d733e57d1c4fc.jpg,0,0,0,1,0,0,0,0,0,0
1152_dog105_jpg.rf.f816d4bf38ed5b2acdaeaf75ac640b78.jpg,0,0,0,1,0,0,0,0,0,0
1153_fox002_jpg.rf.fa20a7abe3197c57e1b877c7a045c193.jpg,0,0,0,0,1,0,0,0,0,0
1154_fox003_jpg.rf.5536fdf3d0d26d903c5099647a2c4e0a.jpg,0,0,0,0,1,0,0,0,0,0
1155_fox004_jpg.rf.015392a8c9f3136ec950ac8357d25ab1.jpg,0,0,0,0,1,0,0,0,0,0
1156_fox005_jpg.rf.f63fc21c6bfea672b270cc1ce103d44e.jpg,0,0,0,0,1,0,0,0,0,0
1157_fox006_jpeg.rf.b12d203d392640d4c636abfaed6eb7e5.jpg,0,0,0,0,1,0,0,0,0,0
1158_fox007_jpeg.rf.ddddb6384f7c4b63994c52bd0bd64ec8.jpg,0,0,0,0,1,0,0,0,0,0
1159_fox010_jpeg.rf.b6547ff4b524b6613a1acc4aec035aab.jpg,0,0,0,0,1,0,0,0,0,0
1160_fox011_jpeg.rf.80c6ededc3d8d11c95aaebcdf56f9997.jpg,0,0,0,0,1,0,0,0,0,0
1161_fox012_jpeg.rf.5e10baf6ddf65afc01831165d987ba6c.jpg,0,0,0,0,1,0,0,0,0,0
1162_fox013_jpeg.rf.042a8f29759256188df7d8e8d7175aa8.jpg,0,0,0,0,1,0,0,0,0,0
1163_fox014_jpeg.rf.95165fef57af213f037d30e7cd4a8921.jpg,0,0,0,0,1,0,0,0,0,0
1164_fox015_jpeg.rf.4ec2ee4d282bb007abed4076a06da891.jpg,0,0,0,0,1,0,0,0,0,0
1165_fox016_jpeg.rf.fe7f719ba3230888f127d6ee4dcdcfe8.jpg,0,0,0,0,1,0,0,0,0,0
1166_fox017_jpeg.rf.c2a8604ac4d3b1c54cb43e4a09a940cc.jpg,0,0,0,0,1,0,0,0,0,0
1167_fox019_jpeg.rf.3f822c2442073e431194b88c6c8b22e7.jpg,0,0,0,0,1,0,0,0,0,0
1168_fox020_jpeg.rf.45cc588c3b7274f7280fc4575617666f.jpg,0,0,0,0,1,0,0,0,0,0
1169_fox022_jpg.rf.5346e78e9494b3b291f8552173f61049.jpg,0,0,0,0,1,0,0,0,0,0
1170_fox023_jpg.rf.96fa9f6758b7feaaadb372d0383712b8.jpg,0,0,0,0,1,0,0,0,0,0
1171_fox025_jpg.rf.bc4eabdfcbfa4c2d04ae96c775062e48.jpg,0,0,0,0,1,0,0,0,0,0
1172_fox027_jpg.rf.7edc396b1a773a10bb58f55c43984c8f.jpg,0,0,0,0,1,0,0,0,0,0
1173_fox028_jpg.rf.696e1af9ec78fe9a4d3faf56ac036a81.jpg,0,0,0,0,1,0,0,0,0,0
1174_fox029_jpg.rf.daf2acd06862db538cc5b22bee4556f7.jpg,0,0,0,0,1,0,0,0,0,0
1175_fox031_jpg.rf.4714eb5685ae25c56182c4673cd46c48.jpg,0,0,0,0,1,0,0,0,0,0
1176_fox033_jpg.rf.f94cebe37c5cfd81553a77525c32bddf.jpg,0,0,0,0,1,0,0,0,0,0
1177_fox035_jpg.rf.4329381e72282ea2e16441f2c7727277.jpg,0,0,0,0,1,0,0,0,0,0
1178_fox036_jpg.rf.d6585c718474bce5ea693ec9fabb0558.jpg,0,0,0,0,1,0,0,0,0,0
1179_fox037_jpg.rf.735e8d7cc2d0e8b85618178ca9647bb9.jpg,0,0,0,0,1,0,0,0,0,0
1180_fox040_jpg.rf.7f918b4bf8eeb8fc912de4dc4835932e.jpg,0,0,0,0,1,0,0,0,0,0
1181_fox041_jpg.rf.409312111316f51f54fb55b81932b643.jpg,0,0,0,0,1,0,0,0,0,0
1182_fox042_jpg.rf.5a9d2e6e80cce25c3d7257eed832c023.jpg,0,0,0,0,1,0,0,0,0,0
1183_fox044_jpg.rf.12813a277afc1317ef6e93ff091207bf.jpg,0,0,0,0,1,0,0,0,0,0
1184_fox046_jpg.rf.dda5a636e5d2c34e8e9aec4aec38f5d7.jpg,0,0,0,0,1,0,0,0,0,0
1185_fox047_jpg.rf.74b1a2b585c3a1b09a03db85ba3d8e39.jpg,0,0,0,0,1,0,0,0,0,0
1186_fox048_jpg.rf.e744784e8a2b8264efb5f6053fe3fbd4.jpg,0,0,0,0,1,0,0,0,0,0
1187_fox049_jpg.rf.1c1f5d6ca58e86afe9592339c50bf2a6.jpg,0,0,0,0,1,0,0,0,0,0
1188_fox051_jpg.rf.dd34ee77a6ae07c8e14690092fc10968.jpg,0,0,0,0,1,0,0,0,0,0
1189_fox052_jpg.rf.254fadb975c74ec7720fefad4da470ee.jpg,0,0,0,0,1,0,0,0,0,0
1190_fox053_jpg.rf.f05db56efccf5cad1d923a7555407407.jpg,0,0,0,0,1,0,0,0,0,0
1191_fox054_jpg.rf.6e02f513022a584a80f785355c040241.jpg,0,0,0,0,1,0,0,0,0,0
1192_fox056_jpg.rf.c16a1a9b495085860080f4693e4bfacc.jpg,0,0,0,0,1,0,0,0,0,0
1193_fox058_jpg.rf.15a8db033116afeeb0e6b3fd1eab148f.jpg,0,0,0,0,1,0,0,0,0,0
1194_fox059_jpg.rf.9615ba4462fb4c2e9119056c313278f6.jpg,0,0,0,0,1,0,0,0,0,0
1195_fox060_jpg.rf.c1200c462e11852da6e68398cb122fca.jpg,0,0,0,0,1,0,0,0,0,0
1196_fox061_jpg.rf.a914e759a2e67e435a1eb6a93652f3cf.jpg,0,0,0,0,1,0,0,0,0,0
1197_fox062_jpg.rf.6a18cd82256b78e3913ba04f281c04ba.jpg,0,0,0,0,1,0,0,0,0,0
1198_fox063_jpg.rf.161f0026c93526b1c8df47bfabe6b0fc.jpg,0,0,0,0,1,0,0,0,0,0
1199_fox064_jpg.rf.9b55a3111b3f63ddb85ba244b5f9d395.jpg,0,0,0,0,1,0,0,0,0,0
1200_fox065_jpg.rf.86bed64d0b379a1e556206c6d0b241d3.jpg,0,0,0,0,1,0,0,0,0,0
1201_fox066_jpg.rf.6c9eb6b991ba81c597fa03840e8b2184.jpg,0,0,0,0,1,0,0,0,0,0
1202_fox068_jpg.rf.14c085be2a9ad4e96c9208e08a867575.jpg,0,0,0,0,1,0,0,0,0,0
1203_fox070_jpg.rf.1ee0604bc7104f3a06fbec08647cf6da.jpg,0,0,0,0,1,0,0,0,0,0
1204_fox071_jpg.rf.c98cc575d52547b2d11824b502a53846.jpg,0,0,0,0,1,0,0,0,0,0
1205_fox072_jpg.rf.3ad2458ba83c971c8385a12dffb12ad7.jpg,0,0,0,0,1,0,0,0,0,0
1206_fox074_jpg.rf.e156a72b6a8e49a5b56a53a658682d8e.jpg,0,0,0,0,1,0,0,0,0,0
1207_fox075_jpg.rf.a4dc0f1f141ba6b72d2981bfbdcc4248.jpg,0,0,0,0,1,0,0,0,0,0
1208_fox077_jpg.rf.e319eee72ce0c37448af7440033225a1.jpg,0,0,0,0,1,0,0,0,0,0
1209_fox078_jpg.rf.711c66fc311c5e10bb4895659cfcff96.jpg,0,0,0,0,1,0,0,0,0,0
1210_fox079_jpg.rf.fd68ec456e3792c44f29f9e305d1f5bb.jpg,0,0,0,0,1,0,0,0,0,0
1211_fox080_jpg.rf.e01cb1e6eae7f6515c6dace5ca305851.jpg,0,0,0,0,1,0,0,0,0,0
1212_fox081_jpg.rf.453a1d05cde91c914f46a6546b3be848.jpg,0,0,0,0,1,0,0,0,0,0
1213_fox082_jpg.rf.47bcc7a536598654eafec1fe9d7ebe12.jpg,0,0,0,0,1,0,0,0,0,0
1214_fox083_jpg.rf.b1bd46e63c9943bdc9c63d2b2bc08338.jpg,0,0,0,0,1,0,0,0,0,0
1215_fox084_jpg.rf.6ee1c240eb8fd89fc937ca77afa261bd.jpg,0,0,0,0,1,0,0,0,0,0
1216_fox086_jpg.rf.4a4c22b584394248f5f1eeb382275705.jpg,0,0,0,0,1,0,0,0,0,0
1217_fox087_jpg.rf.5eb36b1ceac8625bee03411137758a58.jpg,0,0,0,0,1,0,0,0,0,0
1218_fox090_jpg.rf.418bce77d63bcb00e4af04da9eab90a0.jpg,0,0,0,0,1,0,0,0,0,0
1219_fox091_jpg.rf.37d26141053ad143bdda914520c23979.jpg,0,0,0,0,1,0,0,0,0,0
1220_fox092_jpg.rf.1008901d639e2708a42d31bd3aa1b67a.jpg,0,0,0,0,1,0,0,0,0,0
1221_fox093_jpg.rf.612e4933bdb1e10f336969b0e23412da.jpg,0,0,0,0,1,0,0,0,0,0
1222_fox094_jpg.rf.0cc42765870464685319e34275f74665.jpg,0,0,0,0,1,0,0,0,0,0
1223_fox095_jpg.rf.e057e0a7677c7db4ececcaa9766c6ea5.jpg,0,0,0,0,1,0,0,0,0,0
1224_fox096_jpg.rf.328a425eed80f549d5dab0c070b16e9e.jpg,0,0,0,0,1,0,0,0,0,0
1225_fox097_jpg.rf.efad3a41147be7d7696563fcf1cfb7b9.jpg,0,0,0,0,1,0,0,0,0,0
1226_fox098_jpg.rf.8a66ecc2ed657694592d30f1ca4eaa73.jpg,0,0,0,0,1,0,0,0,0,0
1227_fox099_jpg.rf.d0d499f56700f1328b83c7542ff53ffd.jpg,0,0,0,0,1,0,0,0,0,0
1228_fox100_jpg.rf.3dd062e38f93a408ab8a5a682d958384.jpg,0,0,0,0,1,0,0,0,0,0
1229_fox101_jpeg.rf.ec7444641cd1ce86a211b093bbda8d67.jpg,0,0,0,0,1,0,0,0,0,0
1230_fox102_jpg.rf.6d35008e532164c5c191578265b99afa.jpg,0,0,0,0,1,0,0,0,0,0
